slope,roughness,relief,rainfall,profile_cu,plane_curv,ndvi,LULC,lithology,distance_t,distance_1,aspect,altitude,soiltype,class,Rain_log,Rain_sqrt,Rain_qbin,R_x_Slope,R_x_Relief,R_x_Roughness,Soil_Litho,Soil_LULC,Litho_LULC,PII,PII_pseudolabel,PII_low
14.3059998,1.15812,112.4540024,1400.0,0.265872,0.054433,7905.0,18,9,3460.1201172,2137.4599609,195.7279968,741.1500244,11839,1,7.244941546337007,37.416573867739416,2,20028.39972,157435.60335999998,1621.3680000000002,11839_9,11839_18,9_18,0.5573522168951992,0.5201666380798328,1
10.0966997,1.01389,39.7388,1400.0,0.0809511,0.144443,7259.2998047,10,13,365.6099854,694.3800049,295.9599915,337.8500061,11814,1,7.244941546337007,37.416573867739416,2,14135.37958,55634.32,1419.446,11814_13,11814_10,13_10,0.7520612282504738,0.8373147139330834,1
9.4122696,1.01889,47.9632988,1400.0,-0.0574064,-0.0011544,7384.0,10,14,1243.3199463,1445.4200439,148.5410004,346.3930054,11369,1,7.244941546337007,37.416573867739416,2,13177.17744,67148.61832,1426.4460000000001,11369_14,11369_10,14_10,0.7116725354143361,0.7883941627162179,1
4.4495201,1.02258,45.6599998,1400.0,-0.221578,-0.0267909,5950.0,20,14,330.8900146,330.8900146,252.4019928,207.927002,11377,1,7.244941546337007,37.416573867739416,2,6229.32814,63923.99972,1431.612,11377_14,11377_20,14_20,0.3488759661224522,0.16979234454582542,0
23.1093006,1.09971,94.6938019,1400.0,-0.046602,0.281757,7905.0,13,9,3936.6101074,2772.9199219,188.3549957,815.6619873,11839,1,7.244941546337007,37.416573867739416,2,32353.02084,132571.32266,1539.594,11839_9,11839_13,9_13,0.5761989854125034,0.557614079595453,1
14.5936003,1.04573,65.5054016,1400.0,0.0383517,-0.0075692,7651.0,16,14,587.0380249,2239.3601074,117.0550003,472.3320007,11375,1,7.244941546337007,37.416573867739416,2,20431.04042,91707.56224,1464.0220000000002,11375_14,11375_16,14_16,0.6957293142519696,0.7663343143033531,1
17.1634998,1.01993,35.0413017,1400.0,0.193019,-0.157124,7910.3798828,58,13,31.1212997,4864.4399414,232.7960052,665.0390015,11366,1,7.244941546337007,37.416573867739416,2,24028.89972,49057.82238,1427.902,11366_13,11366_58,13_58,0.6155320560284827,0.6332416805772766,1
19.0072002,1.05678,73.9101028,1400.0,0.183869,-0.0035444,8009.0,20,13,2570.7199707,119.1480026,43.5014,436.5589905,11839,1,7.244941546337007,37.416573867739416,2,26610.08028,103474.14392,1479.492,11839_13,11839_20,13_20,0.6474408858539659,0.6902780843927182,1
7.1141901,1.01706,37.3618011,1400.0,0.135508,-0.0382867,7727.0,10,16,49.3717995,1325.7299805,142.7350006,136.2160034,11804,1,7.244941546337007,37.416573867739416,2,9959.86614,52306.52154,1423.884,11804_16,11804_10,16_10,0.6031730173016564,0.6099915598300691,1
9.2788,1.01556,38.3292999,1400.0,0.0017129,0.0927323,6191.0,11,5,1633.4100342,1103.6099854,78.536499,137.4490051,11375,1,7.244941546337007,37.416573867739416,2,12990.32,53661.01986,1421.784,11375_5,11375_11,5_11,0.7399990545091258,0.8237385872109887,1
7.5794802,1.00665,31.6457996,1400.0,0.0662349,-0.148484,7091.0,12,14,796.5809937,2725.8100586,276.5109863,360.6749878,11605,1,7.244941546337007,37.416573867739416,2,10611.27228,44304.11944,1409.3100000000002,11605_14,11605_12,14_12,0.5362980469495119,0.47808329727349846,0
12.2838001,1.02964,55.7560997,1400.0,0.105107,-0.0347263,7765.0,20,14,253.0749969,1652.1099854,236.9360046,332.0910034,11375,1,7.244941546337007,37.416573867739416,2,17197.32014,78058.53958,1441.496,11375_14,11375_20,14_20,0.6420210335977019,0.6809325798655675,1
15.3408003,1.03758,53.0107002,1400.0,-0.0059773,0.0974096,7878.0,12,16,1131.5899658,3066.6298828,280.8819885,670.4680176,11839,1,7.244941546337007,37.416573867739416,2,21477.12042,74214.98028,1452.6119999999999,11839_16,11839_12,16_12,0.5537812891824718,0.5130327761061164,1
14.2320995,1.08495,84.6673965,1400.0,0.194022,0.0562401,8670.0,12,16,2196.5100098,4233.75,160.9259949,526.151001,11839,1,7.244941546337007,37.416573867739416,2,19924.939300000002,118534.35509999999,1518.93,11839_16,11839_12,16_12,0.6878565258590453,0.7548677687482338,1
7.4995399,1.0536,77.6224976,1400.0,-0.0778233,0.16518,8350.0,20,16,10.9567003,867.4780273,177.5209961,1055.1400146,11864,1,7.244941546337007,37.416573867739416,2,10499.35586,108671.49664,1475.0400000000002,11864_16,11864_20,16_20,0.4723611667998471,0.35452260885913184,0
13.1686001,1.02942,52.6162987,1400.0,-0.0056199,0.0067471,7443.0,10,1,2481.3300781,3211.1398926,308.3330078,466.9819946,11839,1,7.244941546337007,37.416573867739416,2,18436.04014,73662.81818,1441.188,11839_1,11839_10,1_10,0.6458233255598131,0.6875046934740066,1
16.7530003,1.0340101,54.8149986,1400.0,0.251382,-0.196635,7534.0,10,1,2688.4299316,3126.9299316,270.4089966,493.8460083,11605,1,7.244941546337007,37.416573867739416,2,23454.20042,76740.99804,1447.61414,11605_1,11605_10,1_10,0.6986216320032306,0.7704520814133434,1
10.1803999,1.01941,42.8086014,1400.0,0.0244136,0.0768287,7061.8701172,10,14,2874.0700684,1984.2199707,343.6830139,353.4809875,11627,1,7.244941546337007,37.416573867739416,2,14252.55986,59932.04196,1427.174,11627_14,11627_10,14_10,0.8809700445071719,0.9352120071187456,1
13.0012999,1.04063,62.6893997,1400.0,0.143286,-0.096517,7079.0,12,14,21.5223007,2138.3999023,24.9430008,108.7610016,11808,1,7.244941546337007,37.416573867739416,2,18201.81986,87765.15958,1456.8819999999998,11808_14,11808_12,14_12,0.6776718316964153,0.7394799330983983,1
13.1216002,1.0145299,48.971199,1400.0,0.137397,-0.0636368,7529.0,10,1,3736.1201172,2925.0200195,209.9250031,280.9570007,11834,1,7.244941546337007,37.416573867739416,2,18370.240279999998,68559.6786,1420.3418600000002,11834_1,11834_10,1_10,0.7835605100945485,0.8687984737181307,1
18.0428009,1.0621901,72.6923981,1400.0,0.20423,-0.091206,7638.0,10,9,113.9769974,80.1520004,332.526001,446.7730103,11369,1,7.244941546337007,37.416573867739416,2,25259.92126,101769.35734,1487.0661400000001,11369_9,11369_10,9_10,0.5269863243843096,0.45953449545619407,0
27.6317005,1.18115,140.2429962,1400.0,0.0200226,0.0255441,7588.0,20,13,654.1799927,1109.4399414,148.1670074,660.0479736,11369,1,7.244941546337007,37.416573867739416,2,38684.3807,196340.19468,1653.61,11369_13,11369_20,13_20,0.3987879819624624,0.23365200061049682,0
9.0064402,1.02466,46.3553009,1400.0,-0.0723767,0.115808,8096.0,20,1,3148.1398926,2273.3999023,287.5809937,528.6560059,11839,1,7.244941546337007,37.416573867739416,2,12609.01628,64897.42126,1434.524,11839_1,11839_20,1_20,0.7199400685403589,0.7992178624861294,1
15.6048002,1.02483,50.8498993,1400.0,0.107684,-0.0886738,4359.0,80,14,1.66043,161.3300018,325.1530151,277.1600037,11839,1,7.244941546337007,37.416573867739416,2,21846.72028,71189.85901999999,1434.762,11839_14,11839_80,14_80,0.6734737040948713,0.7329579574578874,1
19.3040009,1.07307,75.1829987,1400.0,-0.127013,0.204416,8427.0,20,16,162.4360046,2817.2800293,77.4330978,806.6370239,11839,1,7.244941546337007,37.416573867739416,2,27025.60126,105256.19817999999,1502.298,11839_16,11839_20,16_20,0.430018367291379,0.28131250425582394,0
22.3227997,1.0707901,79.6231995,1400.0,0.0138687,0.142588,7165.0,20,13,2048.2800293,3212.8300781,323.6459961,260.9869995,11375,1,7.244941546337007,37.416573867739416,2,31251.91958,111472.47929999999,1499.1061399999999,11375_13,11375_20,13_20,0.8016256273916317,0.884412689860063,1
8.61973,1.01748,38.9973984,1400.0,-0.0428613,0.0741733,7322.0,10,18,3324.6599121,855.6690063,299.9389954,396.4419861,11627,1,7.244941546337007,37.416573867739416,2,12067.622000000001,54596.35776,1424.472,11627_18,11627_10,18_10,0.804713510577683,0.8869141259943112,1
12.9867001,1.05199,74.3822021,1400.0,0.0968751,0.0880833,7241.0,10,9,926.882019,1075.25,143.2050018,153.9559937,11808,1,7.244941546337007,37.416573867739416,2,18181.38014,104135.08294000001,1472.786,11808_9,11808_10,9_10,0.5756706958386854,0.5565712768423209,1
15.6610003,1.02193,46.4154015,1600.0,0.0640156,0.149716,7251.1699219,10,14,178.6779938,178.6779938,323.8349915,372.9410095,11366,1,7.3783837129967145,40.0,3,25057.60048,74264.6424,1635.088,11366_14,11366_10,14_10,0.6243989241098391,0.6495550585625699,1
16.6664009,1.04418,65.9385986,1400.0,0.0266875,-0.067836,7850.9301758,15,14,1676.2399902,2305.2399902,204.5240021,565.8319702,11605,1,7.244941546337007,37.416573867739416,2,23332.96126,92314.03804000001,1461.852,11605_14,11605_15,14_15,0.6845230878887171,0.7498996771605583,1
9.1638498,1.00697,51.8927002,1400.0,0.266042,-0.158571,8194.0,10,14,3551.1999512,2623.4199219,322.3250122,585.0789795,11839,1,7.244941546337007,37.416573867739416,2,12829.38972,72649.78028,1409.7579999999998,11839_14,11839_10,14_10,0.5801517613539692,0.5653998317678027,1
19.9468994,1.0707,75.9397964,1400.0,0.145157,-0.211949,8312.0400391,15,1,199.3249969,4271.2998047,330.3659973,742.8289795,11839,1,7.244941546337007,37.416573867739416,2,27925.65916,106315.71496000001,1498.98,11839_1,11839_15,1_15,0.43130852734658653,0.2834039192110498,0
16.3694992,1.05966,81.123703,1400.0,-0.0348072,0.037051,7806.0,10,1,147.2070007,2256.1999512,238.4490051,448.9379883,11605,1,7.244941546337007,37.416573867739416,2,22917.29888,113573.1842,1483.5240000000001,11605_1,11605_10,1_10,0.44235943404984995,0.3016965739902353,0
14.5601997,1.04247,62.8064003,1400.0,-0.0290704,0.013111,7559.0,10,14,1316.4300537,2583.6799316,330.0799866,483.9259949,11375,1,7.244941546337007,37.416573867739416,2,20384.27958,87928.96042,1459.458,11375_14,11375_10,14_10,0.668744625839476,0.7254880104854802,1
8.1765699,1.01311,35.2961006,1400.0,0.201601,0.0514131,7123.0,10,13,2188.1699219,2601.8300781,51.0826988,153.0950012,11375,1,7.244941546337007,37.416573867739416,2,11447.19786,49414.54084,1418.354,11375_13,11375_10,13_10,0.6732887539622955,0.732668254465868,1
16.2707996,1.04723,62.4590988,1600.0,0.221551,-0.383885,7533.0,20,1,919.5120239,2624.0300293,56.6155014,726.03302,11839,1,7.3783837129967145,40.0,3,26033.27936,99934.55808,1675.5680000000002,11839_1,11839_20,1_20,0.42582987440553555,0.2745879151582515,0
9.4924603,1.01917,44.2182999,1400.0,-0.0999313,0.139298,5587.0,10,1,510.4970093,169.0980072,283.0050049,246.0160065,11763,1,7.244941546337007,37.416573867739416,2,13289.44442,61905.61986,1426.838,11763_1,11763_10,1_10,0.6418766631020703,0.6806815960455183,1
9.5051003,1.01921,44.2549019,1400.0,-0.0994344,0.138455,5587.0,10,1,510.5639954,168.826004,282.8909912,245.9340057,11762,1,7.244941546337007,37.416573867739416,2,13307.140420000002,61956.86266,1426.894,11762_1,11762_10,1_10,0.6418766631020703,0.6806815960455183,1
13.5853996,1.03415,51.6860008,1400.0,0.0480499,-0.0926559,7534.0,10,16,2217.5300293,3782.7800293,245.5299988,546.0579834,11839,1,7.244941546337007,37.416573867739416,2,19019.55944,72360.40112000001,1447.81,11839_16,11839_10,16_10,0.7647395654225337,0.8506628192180378,1
6.62393,1.0100501,39.7282982,1652.4699707,0.131089,-0.159015,7164.0,10,16,1630.5899658,4468.4101562,258.8840027,470.5599976,11839,1,7.41063137120462,40.650583891255486,3,10945.845413018851,65649.81976251486,1669.077459152532,11839_16,11839_10,16_10,0.5731071318808642,0.5515040811887862,1
15.2312002,1.01948,34.7789001,1400.0,0.140982,-0.0127013,7179.0,17,18,2283.8300781,72.7522964,274.3399963,213.0189972,11804,1,7.244941546337007,37.416573867739416,2,21323.68028,48690.46014,1427.272,11804_18,11804_17,18_17,0.7859106806872077,0.8709267776027558,1
13.2278996,1.07078,92.6409988,1400.0,0.220595,-0.338517,8262.9199219,10,1,2470.0900879,2897.2199707,140.9799957,517.8449707,11839,1,7.244941546337007,37.416573867739416,2,18519.05944,129697.39832000001,1499.092,11839_1,11839_10,1_10,0.639449543249206,0.6764465144298182,1
25.3659,1.06592,77.6601028,1400.0,-0.0675087,-0.371062,7465.0,14,1,225.0850067,1904.5799561,300.7130127,468.9440002,11605,1,7.244941546337007,37.416573867739416,2,35512.26,108724.14392,1492.288,11605_1,11605_14,1_14,0.406591629312836,0.24501575561933078,0
10.3879995,1.0131299,37.6722984,1400.0,0.005667,0.0249153,7142.0,10,14,2280.2099609,2357.6201172,15.9905996,343.4859924,11375,1,7.244941546337007,37.416573867739416,2,14543.199299999998,52741.21776000001,1418.38186,11375_14,11375_10,14_10,0.8801018056653859,0.9347898764728262,1
15.9944,1.0678101,68.3199005,1400.0,0.0970586,-0.0070587,6655.0,10,14,1473.0200195,2866.7800293,166.8919983,327.9760132,11375,1,7.244941546337007,37.416573867739416,2,22392.16,95647.8607,1494.93414,11375_14,11375_10,14_10,0.8300526425022046,0.905707413643675,1
12.0310001,1.0007499,11.7124996,1400.0,0.193206,-0.0792327,7324.0,20,10,3.6000299,2731.1000977,307.6900024,287.1730042,11366,1,7.244941546337007,37.416573867739416,2,16843.40014,16397.49944,1401.0498599999999,11366_10,11366_20,10_20,0.46323983269328567,0.3380069194570694,0
11.1639996,1.02815,44.0101013,1400.0,0.0154988,0.108349,7082.0,20,14,269.2000122,686.5629883,167.3730011,315.848999,11375,1,7.244941546337007,37.416573867739416,2,15629.59944,61614.141820000004,1439.4099999999999,11375_14,11375_20,14_20,0.5778032257081231,0.5607775769360519,1
11.1581001,1.02961,56.2621002,1400.0,0.262101,0.0030033,6533.0,10,14,612.9790039,3486.3999023,61.9613991,181.5299988,11375,1,7.244941546337007,37.416573867739416,2,15621.34014,78766.94028,1441.454,11375_14,11375_10,14_10,0.5834545789439507,0.5718808775973112,1
11.3860998,1.0332299,60.5335999,1400.0,-0.0868615,0.0554485,8090.0,14,1,1986.1600342,2777.6398926,284.0889893,662.882019,11839,1,7.244941546337007,37.416573867739416,2,15940.53972,84747.03986,1446.52186,11839_1,11839_14,1_14,0.729464432396719,0.8111665613328356,1
20.9111004,1.10568,105.560997,1400.0,0.19497,0.0472151,8187.0,20,1,1056.0899658,4736.3598633,42.9068985,638.492981,11839,1,7.244941546337007,37.416573867739416,2,29275.540559999998,147785.3958,1547.952,11839_1,11839_20,1_20,0.4002812271223695,0.23579783147313205,0
18.7399998,1.0687799,74.8735962,1400.0,0.0136996,0.0850093,7026.0,10,16,416.276001,4080.1699219,114.987999,613.3410034,11605,1,7.244941546337007,37.416573867739416,2,26235.99972,104823.03468,1496.29186,11605_16,11605_10,16_10,0.6227765831883816,0.6465949641295073,1
23.6280003,1.0635,83.1966019,1600.0,-0.0914534,0.33587,7894.0,10,9,1922.8100586,3214.9399414,290.6229858,538.0230103,11369,1,7.3783837129967145,40.0,3,37804.80048,133114.56304,1701.6,11369_9,11369_10,9_10,0.5004401347670953,0.407433271586174,0
20.6016998,1.03271,63.7187004,1400.0,0.149011,-0.0066622,7834.0,15,16,21.0142994,2425.3100586,320.0669861,697.7979736,11839,1,7.244941546337007,37.416573867739416,2,28842.379719999997,89206.18056000001,1445.794,11839_16,11839_15,16_15,0.5075219596281182,0.4211798858214854,0
16.3302994,1.02634,50.6976013,1400.0,0.195003,0.0958508,7801.0400391,20,14,114.7900009,1111.8000488,263.9339905,633.9229736,11839,1,7.244941546337007,37.416573867739416,2,22862.41916,70976.64182,1436.876,11839_14,11839_20,14_20,0.5635846727642024,0.5325961994239506,1
19.4876003,1.16956,108.3779984,1400.0,0.171243,-0.0385129,8615.0,17,16,2194.6599121,4411.8798828,171.4530029,725.3729858,11839,1,7.244941546337007,37.416573867739416,2,27282.64042,151729.19775999998,1637.384,11839_16,11839_17,16_17,0.5306662815180382,0.4668543950086707,0
17.1025009,1.0520101,64.9360962,1400.0,-0.0884097,-0.0976463,8011.0,11,1,242.7559967,4523.5800781,168.6390076,768.3330078,11839,1,7.244941546337007,37.416573867739416,2,23943.501259999997,90910.53468,1472.81414,11839_1,11839_11,1_11,0.5531988237292454,0.5118685680740723,1
20.3920994,1.0936199,100.052002,1400.0,0.299715,0.0288724,8143.0,20,13,1591.2900391,6664.4301758,199.6640015,634.4470215,11839,1,7.244941546337007,37.416573867739416,2,28548.939159999998,140072.8028,1531.0678599999999,11839_13,11839_20,13_20,0.4652597736103976,0.34163215789650564,0
6.3899298,1.0335701,53.4370995,1400.0,0.0430297,-0.305869,7551.0,11,16,1.27467,13.1456003,334.5469971,362.6270142,11814,1,7.244941546337007,37.416573867739416,2,8945.90172,74811.9393,1446.99814,11814_16,11814_11,16_11,0.5544893205878474,0.5144477685861379,1
24.3181992,1.06796,83.9726028,1400.0,0.382729,-0.198642,8532.0,17,1,1309.2199707,1899.7299805,297.7170105,413.1849976,11804,1,7.244941546337007,37.416573867739416,2,34045.478879999995,117561.64392,1495.144,11804_1,11804_17,1_17,0.3863832311177174,0.21635398026707575,0
13.6837997,1.0712399,71.475502,1400.0,0.146417,0.107083,8134.0,13,9,29.2054005,4761.2099609,178.6730042,520.7329712,11839,1,7.244941546337007,37.416573867739416,2,19157.31958,100065.70280000001,1499.7358599999998,11839_9,11839_13,9_13,0.6575189612968283,0.707245669508321,1
20.8558006,1.10018,83.0292969,1400.0,0.277517,-0.0834173,7231.0,22,9,25.0447006,2839.5700684,166.772995,279.3080139,11839,1,7.244941546337007,37.416573867739416,2,29198.12084,116241.01566,1540.252,11839_9,11839_22,9_22,0.5178022059564197,0.44134881580676727,0
27.9342995,1.07437,79.2475967,1400.0,0.0017473,0.105364,7727.0,20,9,659.4860229,367.2449951,161.8930054,176.9210052,11366,1,7.244941546337007,37.416573867739416,2,39108.0193,110946.63538,1504.1180000000002,11366_9,11366_20,9_20,0.5510015548319516,0.5074757030291415,1
12.6441002,1.03233,49.1660995,1400.0,-0.0261658,-0.0053699,7190.0,10,13,1288.8399658,3640.1899414,287.0079956,532.2630005,11375,1,7.244941546337007,37.416573867739416,2,17701.74028,68832.5393,1445.262,11375_13,11375_10,13_10,0.4712922044840699,0.3525681130226056,0
16.2549992,1.04423,57.6941986,1800.0,-0.0222039,0.0201748,7312.0,10,16,481.0499878,6932.8598633,183.095993,670.348999,11369,1,7.496097345175956,42.42640687119285,4,29258.99856,103849.55748,1879.614,11369_16,11369_10,16_10,0.5619139914625326,0.5292676371936638,1
9.4239998,1.01757,39.7589989,1400.0,-0.0644459,-0.0352605,7091.0,10,14,829.9160156,1450.5,336.0889893,327.8299866,11445,1,7.244941546337007,37.416573867739416,2,13193.59972,55662.59846,1424.5980000000002,11445_14,11445_10,14_10,0.8130811058046266,0.8934562289303684,1
15.4203997,1.1392,95.104599,1400.0,0.231528,-0.540784,7702.9501953,20,13,0.0,942.7459717,236.9609985,328.9530029,11366,1,7.244941546337007,37.416573867739416,2,21588.55958,133146.4386,1594.8799999999999,11366_13,11366_20,13_20,0.5896148657015574,0.5839017999192804,1
9.4224596,1.01757,39.7594986,1400.0,-0.0644816,-0.0352232,7091.0,10,14,829.8720093,1450.6099854,336.0660095,327.8420105,11445,1,7.244941546337007,37.416573867739416,2,13191.44344,55663.29804,1424.5980000000002,11445_14,11445_10,14_10,0.8130811058046266,0.8934562289303684,1
7.52279,1.01098,35.5078011,1400.0,-0.102272,0.0777618,7823.0,10,14,724.7719727,2455.5400391,134.1519928,405.3699951,11375,1,7.244941546337007,37.416573867739416,2,10531.905999999999,49710.92154,1415.372,11375_14,11375_10,14_10,0.635639341091177,0.6697395523940115,1
26.9899998,1.07376,74.7783966,1400.0,0.308698,-0.0399388,6185.0,10,1,680.8850098,526.4790039,8.88519,403.0220032,11366,1,7.244941546337007,37.416573867739416,2,37785.99972,104689.75523999998,1503.2640000000001,11366_1,11366_10,1_10,0.5443976080610398,0.49426861765765495,0
10.7487001,1.01336,43.887001,1400.0,-0.0697658,0.0625673,7534.0,10,1,1738.8599854,2603.75,70.8339005,539.9630127,11839,1,7.244941546337007,37.416573867739416,2,15048.18014,61441.8014,1418.704,11839_1,11839_10,1_10,0.711257098368701,0.7878391763520669,1
6.2748799,1.0098799,39.4614983,1400.0,-0.0671256,0.219735,7174.0,10,14,2017.9399414,1780.0400391,233.0149994,292.7539978,11605,1,7.244941546337007,37.416573867739416,2,8784.83186,55246.09762,1413.83186,11605_14,11605_10,14_10,0.7737555596449079,0.8595958248664043,1
21.5002003,1.07997,76.3927994,1400.0,0.0823037,-0.139439,6685.0,20,1,949.223999,882.1140137,321.1830139,301.2529907,11804,1,7.244941546337007,37.416573867739416,2,30100.28042,106949.91916,1511.958,11804_1,11804_20,1_20,0.5991384352242175,0.6022861969515986,1
11.1367998,1.01641,33.2220993,1400.0,-0.102495,0.0515483,6446.0,10,11,578.8410034,207.9989929,296.4110107,191.8540039,11605,1,7.244941546337007,37.416573867739416,2,15591.51972,46510.939020000005,1422.9740000000002,11605_11,11605_10,11_10,0.5791581138203316,0.5634455307400644,1
14.1553001,1.0300699,55.828701,1400.0,0.104546,-0.123021,7698.0,20,13,2959.0100098,2587.2399902,333.2529907,390.70401,11375,1,7.244941546337007,37.416573867739416,2,19817.42014,78160.1814,1442.09786,11375_13,11375_20,13_20,0.7915417975006283,0.8759068201708907,1
9.8245602,1.00585,22.9046993,1400.0,0.242338,-0.0418604,6689.0,12,9,17.8610001,729.15802,305.9580078,267.9500122,11366,1,7.244941546337007,37.416573867739416,2,13754.38428,32066.57902,1408.1899999999998,11366_9,11366_12,9_12,0.5258961055412078,0.4573691172158283,0
11.0374002,1.02175,40.9392014,1400.0,-0.0495757,-0.0566815,7236.3100586,10,18,3380.1699219,394.3659973,263.2690125,303.6199951,11804,1,7.244941546337007,37.416573867739416,2,15452.36028,57314.88196,1430.4499999999998,11804_18,11804_10,18_10,0.7619385939986029,0.8477938114300144,1
20.1823997,1.11378,111.1920013,1400.0,0.086448,-0.001986,8030.0,10,9,481.8080139,1719.2800293,150.8500061,541.8189697,11814,1,7.244941546337007,37.416573867739416,2,28255.35958,155668.80182,1559.292,11814_9,11814_10,9_10,0.4183081504999696,0.2627658544894868,0
27.8262997,1.21631,147.3699951,1400.0,-0.258353,-0.108584,8451.0,21,16,298.6820068,1756.0899658,330.9779968,1153.4599609,11864,1,7.244941546337007,37.416573867739416,2,38956.81958,206317.99314,1702.834,11864_16,11864_21,16_21,0.09831347634420852,0.026815343894713135,0
13.342,1.03775,60.0965996,1400.0,0.073528,0.122434,7707.0,10,16,30.4407997,94.1718979,136.6629944,318.8710022,11814,1,7.244941546337007,37.416573867739416,2,18678.8,84135.23943999999,1452.85,11814_16,11814_10,16_10,0.7721472534119018,0.8580357657516484,1
3.9665799,1.01343,43.9403,1400.0,0.179735,-0.319432,7551.0,10,16,361.3169861,361.3169861,157.8000031,390.2130127,11814,1,7.244941546337007,37.416573867739416,2,5553.21186,61516.42,1418.8020000000001,11814_16,11814_10,16_10,0.4798253374706996,0.3683028095900563,0
14.7739,1.0589,83.2673035,1400.0,0.0186877,-0.189707,8001.0,20,14,1322.7299805,1444.7700195,103.3460007,440.1650085,11469,1,7.244941546337007,37.416573867739416,2,20683.46,116574.2249,1482.46,11469_14,11469_20,14_20,0.6093250091060916,0.6216347434437752,1
16.4652996,1.03654,53.3834,1400.0,0.0878698,-0.0491687,7398.0,16,13,1928.0100098,2477.6499023,278.052002,581.2310181,11369,1,7.244941546337007,37.416573867739416,2,23051.41944,74736.76000000001,1451.156,11369_13,11369_16,13_16,0.6823448544231593,0.7466172420113936,1
16.4195995,1.06629,79.7530975,1400.0,-0.168712,0.136338,8000.0,10,14,1791.8900146,1791.8900146,273.4570007,539.4619751,11605,1,7.244941546337007,37.416573867739416,2,22987.439300000002,111654.33649999999,1492.806,11605_14,11605_10,14_10,0.7266199012299317,0.8076561587784903,1
9.1176701,1.00365,28.3754005,1400.0,-0.0098442,-0.0165274,7652.0600586,10,5,1265.9399414,2780.8798828,306.2470093,478.1879883,11839,1,7.244941546337007,37.416573867739416,2,12764.73814,39725.5607,1405.11,11839_5,11839_10,5_10,0.3437753622203143,0.16411762593285562,0
21.5550995,1.10689,93.3202972,1400.0,-0.0264837,0.0113887,8348.0,10,16,2029.6899414,1670.1300049,23.2070007,687.7780151,11839,1,7.244941546337007,37.416573867739416,2,30177.139300000003,130648.41608,1549.646,11839_16,11839_10,16_10,0.49046318565540903,0.3883146830003766,0
17.7096004,1.04558,66.4080963,1400.0,-0.184208,0.377622,8030.0,10,14,284.5710144,376.0549927,77.441597,402.9689941,11366,1,7.244941546337007,37.416573867739416,2,24793.44056,92971.33481999999,1463.812,11366_14,11366_10,14_10,0.5762005000374071,0.5576170686222225,1
14.0072002,1.0472,60.8866997,1800.0,0.0517237,0.0326396,8248.0,10,1,4811.2001953,1699.6700439,169.602005,665.8670044,11369,1,7.496097345175956,42.42640687119285,4,25212.96036,109596.05946,1884.9599999999998,11369_1,11369_10,1_10,0.8816456173604452,0.9355387043098214,1
13.9153004,1.0139199,51.7257004,1600.0,0.35083,-0.207002,7590.0,11,16,3288.3500977,2800.2900391,34.8530998,369.0169983,11375,1,7.3783837129967145,40.0,3,22264.480639999998,82761.12064000001,1622.27184,11375_16,11375_11,16_11,0.6163283167003943,0.6347198519824349,1
19.7040005,1.07627,71.9021988,1600.0,-0.141576,0.188007,7436.0,20,1,1636.5100098,1636.5100098,88.5569992,490.5960083,11369,1,7.3783837129967145,40.0,3,31526.4008,115043.51808,1722.0320000000002,11369_1,11369_20,1_20,0.6151806884759017,0.632588604899115,1
9.5503397,1.03461,53.5878983,1600.0,-0.184674,0.051059,7783.0,18,1,1083.9599609,3420.2900391,244.7319946,519.5460205,11369,1,7.3783837129967145,40.0,3,15280.543520000001,85740.63728,1655.376,11369_1,11369_18,1_18,0.5192989693980132,0.4443031917677533,0
13.4029999,1.02476,56.7331009,1400.0,-0.0249934,0.0451264,7748.0,21,16,378.7019958,2636.6000977,107.1969986,343.4869995,11366,1,7.244941546337007,37.416573867739416,2,18764.19986,79426.34126,1434.6639999999998,11366_16,11366_21,16_21,0.640174460813061,0.6777144954843418,1
14.3493996,1.04101,68.2572021,1400.0,0.28875,-0.205252,7765.0,10,14,753.6400146,1708.4100342,175.25,383.2739868,11375,1,7.244941546337007,37.416573867739416,2,20089.15944,95560.08294000001,1457.414,11375_14,11375_10,14_10,0.6906396564462616,0.7589643307549572,1
7.9964099,1.03625,52.2388992,1400.0,-0.079579,0.0939464,7267.0,15,14,300.7109985,389.0559998,66.4560013,343.3080139,11839,1,7.244941546337007,37.416573867739416,2,11194.97386,73134.45887999999,1450.7499999999998,11839_14,11839_15,14_15,0.6921281251802167,0.7611359821102753,1
11.5073004,1.0589499,65.0836029,1400.0,-0.0524158,0.202928,7004.0,10,14,1551.7800293,1672.9599609,240.0599976,316.6560059,11375,1,7.244941546337007,37.416573867739416,2,16110.22056,91117.04406,1482.52986,11375_14,11375_10,14_10,0.8066281188898607,0.8884412884873154,1
8.4492798,1.01483,37.7204018,1400.0,0.0638184,0.012567,6238.0,10,1,1653.9699707,1475.2099609,280.2399902,172.7709961,11436,1,7.244941546337007,37.416573867739416,2,11828.991719999998,52808.56252,1420.762,11436_1,11436_10,1_10,0.6575616687200225,0.7073164048125931,1
18.3316994,1.10675,86.3310013,1600.0,-0.0872117,-0.102876,7671.0,10,11,3024.4799805,3024.4799805,182.8399963,833.2150269,11863,1,7.3783837129967145,40.0,3,29330.719040000004,138129.60207999998,1770.7999999999997,11863_11,11863_10,11_10,0.5929940052902827,0.590454517699489,1
16.6275005,1.03495,58.1811981,1400.0,0.254209,-0.0640423,7235.0,20,14,470.0960083,1038.5699463,299.8259888,354.4060059,11814,1,7.244941546337007,37.416573867739416,2,23278.5007,81453.67734000001,1448.93,11814_14,11814_20,14_20,0.7201723149292457,0.7995158428962577,1
28.6282997,1.22167,149.0420074,1400.0,0.118842,0.172394,7813.0,10,13,143.1900024,1985.9799805,110.4729996,575.5469971,11839,1,7.244941546337007,37.416573867739416,2,40079.61958,208658.81035999997,1710.338,11839_13,11839_10,13_10,0.3124175350776653,0.13253054916758839,0
14.5577002,1.05292,76.0804977,1400.0,0.0394801,-0.0859794,7397.0,13,3,1054.9300537,1116.3399658,112.2099991,270.9070129,11366,1,7.244941546337007,37.416573867739416,2,20380.78028,106512.69678,1474.0880000000002,11366_3,11366_13,3_13,0.6964576913127426,0.7673761152753097,1
5.0489202,1.01902,41.1632996,1400.0,0.114035,-0.0697034,7126.0,19,13,398.8510132,127.9489975,221.3179932,261.1279907,11814,1,7.244941546337007,37.416573867739416,2,7068.4882800000005,57628.61944,1426.6280000000002,11814_13,11814_19,13_19,0.5316902972276939,0.46889396870871775,0
23.7935009,1.1046799,101.9690018,1400.0,0.217124,-0.1332,8004.6801758,13,16,1282.7600098,845.0369873,43.3820992,768.0540161,11839,1,7.244941546337007,37.416573867739416,2,33310.90126,142756.60252000001,1546.55186,11839_16,11839_13,16_13,0.3541756049099668,0.1758527006544151,0
13.2618999,1.02443,54.9986992,1400.0,-0.078993,0.20572,7651.0,10,14,175.3690033,1264.6300049,87.6822968,383.2449951,11814,1,7.244941546337007,37.416573867739416,2,18566.65986,76998.17887999999,1434.202,11814_14,11814_10,14_10,0.6398276672493942,0.6771082305324467,1
24.2968006,1.0426199,70.9707031,1400.0,-0.0602875,0.196105,7861.0,20,13,261.3049927,5841.0097656,52.4131012,701.9470215,11814,1,7.244941546337007,37.416573867739416,2,34015.520840000005,99358.98434,1459.66786,11814_13,11814_20,13_20,0.48856582471745197,0.3847154673544074,0
19.4223995,1.07371,85.9157028,1400.0,0.163694,-0.224902,7923.0,10,1,2445.7299805,3721.2700195,103.5360031,366.9289856,11814,1,7.244941546337007,37.416573867739416,2,27191.3593,120281.98392000001,1503.194,11814_1,11814_10,1_10,0.6926787808687853,0.7619359694070141,1
7.7966499,1.01445,34.8249016,1400.0,0.0532018,-0.094618,5391.0,10,1,371.1560059,193.8110046,241.3200073,188.1569977,11605,1,7.244941546337007,37.416573867739416,2,10915.309860000001,48754.862239999995,1420.23,11605_1,11605_10,1_10,0.5754745157119082,0.556183904972132,1
11.7617998,1.04839,63.0,1600.0,0.140906,-0.205704,7362.7001953,10,1,250.0180054,315.8659973,212.1620026,396.6629944,11369,1,7.3783837129967145,40.0,3,18818.879680000002,100800.0,1677.424,11369_1,11369_10,1_10,0.5558009216335524,0.5170683591104643,1
15.8841,1.05537,80.5167007,1400.0,-0.0377331,-0.0459418,8481.0,20,16,5.3017802,766.4869995,211.9920044,1051.7900391,11864,1,7.244941546337007,37.416573867739416,2,22237.74,112723.38098,1477.5179999999998,11864_16,11864_20,16_20,0.5045946831283832,0.41548159951056074,0
13.8624001,1.0470901,64.6201019,1400.0,0.123845,-0.0856208,7683.0,28,16,66.481102,3442.1899414,155.1790009,505.4580078,11839,1,7.244941546337007,37.416573867739416,2,19407.36014,90468.14266,1465.9261399999998,11839_16,11839_28,16_28,0.686161812624144,0.7523503578796453,1
15.5670004,1.0109299,39.8978996,1400.0,0.0285467,-0.0055565,7534.0,10,1,2368.8400879,2595.5,249.276001,447.9700012,11605,1,7.244941546337007,37.416573867739416,2,21793.80056,55857.059440000005,1415.30186,11605_1,11605_10,1_10,0.7504798049707145,0.8355839947292956,1
18.5632992,1.06813,75.3331985,1400.0,0.0608244,0.0193184,7877.9501953,20,9,39.5890007,2059.5600586,225.845993,469.144989,11814,1,7.244941546337007,37.416573867739416,2,25988.618879999998,105466.4779,1495.382,11814_9,11814_20,9_20,0.5868976043195026,0.5786108610994531,1
12.4504995,1.0241801,48.9817009,1400.0,-0.0592908,0.119739,8083.0,14,16,1546.8199463,6616.8901367,222.1660004,482.6289978,11814,1,7.244941546337007,37.416573867739416,2,17430.6993,68574.38126,1433.85214,11814_16,11814_14,16_14,0.6680505613690284,0.7243808149434309,1
13.5165997,1.05529,71.7247009,1400.0,0.0814823,0.0849921,7132.0,17,1,1632.2399902,4770.3100586,238.0460052,405.973999,11814,1,7.244941546337007,37.416573867739416,2,18923.23958,100414.58126,1477.4060000000002,11814_1,11814_17,1_17,0.7689869600274247,0.8549281486107453,1
7.67522,1.0223401,44.0223007,1400.0,0.104807,-0.154974,8001.0,20,14,1003.539978,670.7670288,150.7250061,340.243988,11375,1,7.244941546337007,37.416573867739416,2,10745.308,61631.220980000006,1431.2761400000002,11375_14,11375_20,14_20,0.5616366427629861,0.5287148047242913,1
14.1625004,1.03852,66.7860031,1400.0,0.0811207,-0.0750053,8001.0,14,14,1556.5799561,1293.5999756,136.7319946,460.1470032,11839,1,7.244941546337007,37.416573867739416,2,19827.50056,93500.40434000001,1453.928,11839_14,11839_14,14_14,0.6755784283618862,0.7362406748297308,1
15.5228004,1.05381,57.1371002,1400.0,0.0087574,0.0148352,8101.0,14,13,229.2369995,3081.5,181.4329987,1028.8699951,11839,1,7.244941546337007,37.416573867739416,2,21731.92056,79991.94028,1475.3339999999998,11839_13,11839_14,13_14,0.45461185013299166,0.32273903912060137,0
17.9944,1.01816,42.7695007,1400.0,-0.310123,-0.217685,7535.0698242,11,1,251.1060028,1025.9599609,225.1499939,655.3010254,11839,1,7.244941546337007,37.416573867739416,2,25192.16,59877.30098,1425.424,11839_1,11839_11,1_11,0.3814222036658593,0.20970081431087986,0
9.7280998,1.03539,51.4845009,1400.0,-0.198557,0.0038775,7721.0,26,1,1581.7299805,2726.8500977,288.026001,637.6660156,11839,1,7.244941546337007,37.416573867739416,2,13619.339720000002,72078.30126000001,1449.546,11839_1,11839_26,1_26,0.6512206945684704,0.6967054245246049,1
16.1229,1.04822,67.1812973,1400.0,-0.186383,-0.0745182,8173.0,18,16,177.5449982,4030.4699707,103.0319977,597.4730225,11851,1,7.244941546337007,37.416573867739416,2,22572.06,94053.81622,1467.5079999999998,11851_16,11851_18,16_18,0.5977359239045943,0.59959550435562,1
10.7954998,1.06071,80.6147995,1400.0,-0.0315653,0.254748,7512.0,10,1,575.1729736,4778.3901367,179.0339966,640.8519897,11851,1,7.244941546337007,37.416573867739416,2,15113.69972,112860.71930000001,1484.9940000000001,11851_1,11851_10,1_10,0.5070318219608249,0.4202242673312704,0
15.8817997,1.04539,61.6208992,1600.0,-0.0424395,0.146281,6845.0,20,13,569.7379761,330.447998,300.5230103,470.7600098,11366,1,7.3783837129967145,40.0,3,25410.87952,98593.43871999999,1672.624,11366_13,11366_20,13_20,0.6791288747668017,0.7417192441343959,1
17.0967999,1.07346,68.2312012,1400.0,-0.228015,0.11715,7864.0,20,13,2759.5300293,1683.3599854,46.4034004,412.0190125,11375,1,7.244941546337007,37.416573867739416,2,23935.51986,95523.68168,1502.844,11375_13,11375_20,13_20,0.685233833484831,0.7509645647237211,1
8.40061,1.02018,51.226799,1400.0,-0.125212,0.0011841,6946.6098633,18,14,382.1499939,2670.9399414,126.0419998,477.730011,11375,1,7.244941546337007,37.416573867739416,2,11760.854000000001,71717.5186,1428.2520000000002,11375_14,11375_18,14_18,0.5026860153270887,0.4117781896728566,0
15.1159,1.0535901,77.4067001,1400.0,0.174233,-0.0194743,7856.1699219,16,16,197.2640076,311.4649963,129.1100006,324.743988,11366,1,7.244941546337007,37.416573867739416,2,21162.26,108369.38014,1475.0261400000002,11366_16,11366_16,16_16,0.7364101750681252,0.8195311175755055,1
33.7699013,1.17895,144.3220062,1400.0,0.0009372,0.0961247,6031.0,20,1,597.7769775,307.1539917,208.4750061,220.75,11397,1,7.244941546337007,37.416573867739416,2,47277.86182,202050.80868000002,1650.53,11397_1,11397_20,1_20,0.39018345435449436,0.22155288058373396,0
15.2207003,1.07175,77.0177002,1400.0,0.0590555,0.16198,7463.7700195,10,1,1666.9100342,5017.6098633,80.7956009,301.2380066,11834,1,7.244941546337007,37.416573867739416,2,21308.98042,107824.78027999999,1500.45,11834_1,11834_10,1_10,0.8009502934719258,0.8838592435207429,1
9.3826599,1.04241,61.8758011,1400.0,-0.018187,0.0636977,7508.0,20,14,741.4299927,930.2750244,192.7779999,329.7529907,11369,1,7.244941546337007,37.416573867739416,2,13135.72386,86626.12154,1459.374,11369_14,11369_20,14_20,0.7434869617989445,0.8277534261434384,1
19.8745003,1.0289299,54.7929001,1800.0,-0.141285,-0.104344,8191.0,10,1,477.2789917,5940.1098633,65.8740005,933.7999878,11839,1,7.496097345175956,42.42640687119285,4,35774.10054,98627.22017999999,1852.07382,11839_1,11839_10,1_10,0.3142704436677779,0.1342440261870879,0
12.1668997,1.04329,62.7636986,1400.0,-0.0921113,-0.0957349,8378.0,10,16,228.951004,3946.2099609,242.3630066,588.6790161,11839,1,7.244941546337007,37.416573867739416,2,17033.65958,87869.17804,1460.606,11839_16,11839_10,16_10,0.5550171812891534,0.5155025425914146,1
14.2739,1.0664901,78.2389984,1400.0,0.594842,-0.147817,8228.0,10,16,3917.25,4533.3500977,228.0679932,398.9450073,11814,1,7.244941546337007,37.416573867739416,2,19983.46,109534.59776,1493.08614,11814_16,11814_10,16_10,0.9190699577476105,0.951406528896867,1
17.9269009,1.15363,127.3160019,1400.0,0.106366,0.139051,7861.0,10,9,720.052002,4476.0297852,138.1959991,530.1729736,11814,1,7.244941546337007,37.416573867739416,2,25097.66126,178242.40266,1615.0819999999999,11814_9,11814_10,9_10,0.47108355170864813,0.35218718378864644,0
11.5481005,1.03018,51.3330002,1400.0,0.182579,-0.0716791,8134.0,17,9,0.0,3923.3999023,213.4360046,384.2340088,11839,1,7.244941546337007,37.416573867739416,2,16167.3407,71866.20028,1442.2520000000002,11839_9,11839_17,9_17,0.6332542602643529,0.6655055487057309,1
12.2586002,1.01494,38.8748016,1400.0,0.0600935,0.0263024,6623.0,10,14,1014.4199829,5180.2998047,83.2807999,198.6179962,11707,1,7.244941546337007,37.416573867739416,2,17162.04028,54424.722239999996,1420.916,11707_14,11707_10,14_10,0.5583207847893971,0.5221003107532372,1
8.45609,1.0169801,38.9632988,1400.0,0.0476598,0.126907,6818.0,12,14,2049.6398926,1869.4000244,243.3730011,225.151001,11804,1,7.244941546337007,37.416573867739416,2,11838.526,54548.618319999994,1423.77214,11804_14,11804_12,14_12,0.8082487103581117,0.8897198100916798,1
13.2824001,1.0455,66.6016998,1400.0,0.0465637,-0.0403463,7594.0,10,3,759.6140137,759.6140137,122.4869995,258.9819946,11672,1,7.244941546337007,37.416573867739416,2,18595.36014,93242.37972000001,1463.7,11672_3,11672_10,3_10,0.7216123848409823,0.8013561059918862,1
5.0757599,1.01854,41.2294998,1400.0,-0.15942,0.240829,6781.0,25,14,127.3710022,424.3999939,115.3010025,354.1799927,11375,1,7.244941546337007,37.416573867739416,2,7106.06386,57721.299719999995,1425.956,11375_14,11375_25,14_25,0.48019630571121186,0.36899354250243077,0
24.2131004,1.03508,71.1751022,1400.0,0.282613,-0.0324583,8437.0,13,16,2900.25,5974.3100586,333.4190063,480.7059937,11814,1,7.244941546337007,37.416573867739416,2,33898.34056,99645.14308,1449.112,11814_16,11814_13,16_13,0.6937002385318382,0.763415049226888,1
8.4495497,1.0214,37.9805984,1400.0,-0.0747885,0.15615,6818.0,15,14,2180.6201172,2099.3999023,9.5884104,245.2879944,11804,1,7.244941546337007,37.416573867739416,2,11829.36958,53172.837759999995,1429.96,11804_14,11804_15,14_15,0.8121990168965684,0.8927826175979039,1
12.0438995,1.00517,26.6495991,1400.0,0.0240933,-0.0478863,7568.0,18,14,342.1600037,274.4970093,2.30756,395.4580078,11376,1,7.244941546337007,37.416573867739416,2,16861.4593,37309.43874,1407.2379999999998,11376_14,11376_18,14_18,0.46544538664171176,0.3419662205031909,0
10.7290001,1.03538,52.3987999,1400.0,0.33036,-0.160771,7771.0,11,1,544.3699951,4270.1098633,190.8150024,802.4320068,11839,1,7.244941546337007,37.416573867739416,2,15020.60014,73358.31986,1449.532,11839_1,11839_11,1_11,0.4150321227628645,0.25772045726025183,0
29.8204002,1.19538,143.7709961,1400.0,0.0877022,0.454087,8060.0,12,10,173.6809998,427.0220032,117.5350037,381.0979919,11782,1,7.244941546337007,37.416573867739416,2,41748.560280000005,201279.39453999998,1673.5320000000002,11782_10,11782_12,10_12,0.2941554803970237,0.11661702466223828,0
4.67869,1.00439,22.8306007,1600.0,0.0774073,0.0263669,6417.0,10,9,1378.6700439,82.2022018,300.1820068,307.8529968,11375,1,7.3783837129967145,40.0,3,7485.9039999999995,36528.96112,1607.024,11375_9,11375_10,9_10,0.44243259687225256,0.3018198973611267,0
30.5634995,1.1327699,116.1039963,1600.0,0.349592,-0.0359652,7602.3701172,11,11,3362.7700195,3117.3601074,114.9850006,499.2109985,11839,1,7.3783837129967145,40.0,3,48901.5992,185766.39408,1812.43184,11839_11,11839_11,11_11,0.4187163281979048,0.2633989216840025,0
9.8158598,1.07903,87.4266968,1600.0,0.19615,-0.132363,7436.0,15,1,2261.8500977,2116.6499023,121.6460037,460.7489929,11839,1,7.3783837129967145,40.0,3,15705.375680000001,139882.71488,1726.4479999999999,11839_1,11839_15,1_15,0.683397225608338,0.7482066327375188,1
17.2723999,1.0437,62.9539986,1400.0,0.075644,-0.187872,6760.0,11,14,561.9099731,140.0059967,309.8989868,379.269989,11375,1,7.244941546337007,37.416573867739416,2,24181.35986,88135.59804,1461.18,11375_14,11375_11,14_11,0.6554278120271058,0.7037699331972596,1
4.6585698,1.00986,30.8841,1400.0,0.0459895,0.0792939,7861.0,10,9,965.2089844,4826.5400391,245.4069977,541.4229736,11814,1,7.244941546337007,37.416573867739416,2,6521.99772,43237.74,1413.8039999999999,11814_9,11814_10,9_10,0.3647816014375718,0.1884895668314969,0
11.2052002,1.07287,79.5197983,1400.0,-0.0280737,-0.071648,7899.0,23,1,832.5700073,1809.6500244,283.0759888,656.2919922,11839,1,7.244941546337007,37.416573867739416,2,15687.28028,111327.71762000001,1502.018,11839_1,11839_23,1_23,0.5604875865621154,0.5264236832355079,1
27.6602001,1.1624399,126.7959976,1600.0,-0.0691264,0.147859,8205.0,20,1,224.8390045,778.0250244,136.6100006,401.5830078,11814,1,7.3783837129967145,40.0,3,44256.32016,202873.59616000002,1859.9038400000002,11814_1,11814_20,1_20,0.399641408658914,0.23487673107976328,0
16.8722992,1.06968,84.2558975,1600.0,-0.109931,0.179876,7735.0,10,1,510.7749939,510.7749939,181.7039948,540.7630005,11369,1,7.3783837129967145,40.0,3,26995.67872,134809.43600000002,1711.4879999999998,11369_1,11369_10,1_10,0.48524552502607,0.37844745877992775,0
16.1131001,1.0695699,78.4627991,1400.0,0.077178,-0.11854,5090.0,23,1,323.6919861,386.8519897,297.2090149,271.2250061,11366,1,7.244941546337007,37.416573867739416,2,22558.34014,109847.91874,1497.39786,11366_1,11366_23,1_23,0.7089382137884254,0.7847218333449708,1
16.1026001,1.06953,78.4445038,1400.0,0.0773613,-0.118268,5090.0,23,1,323.3789978,386.5409851,297.2229919,271.1279907,11366,1,7.244941546337007,37.416573867739416,2,22543.64014,109822.30532000001,1497.342,11366_1,11366_23,1_23,0.7009335054384834,0.7737066526834676,1
15.7276001,1.06295,81.6212006,1400.0,0.0517866,-0.127108,8296.0,16,1,949.7780151,2564.0200195,308.4240112,666.7260132,11715,1,7.244941546337007,37.416573867739416,2,22018.64014,114269.68083999999,1488.13,11715_1,11715_16,1_16,0.5405908757745354,0.4866580700043792,0
23.1595993,1.11607,106.7890015,1400.0,-0.133278,0.102657,8170.0,10,16,47.8358994,1454.4200439,41.5467987,779.4110107,11839,1,7.244941546337007,37.416573867739416,2,32423.43902,149504.6021,1562.4979999999998,11839_16,11839_10,16_10,0.3929318923109897,0.2253682089040672,0
11.6120996,1.04149,62.5954018,1400.0,0.0207459,0.0171824,7165.0,10,14,1068.6700439,1803.7900391,144.3209991,214.3659973,11375,1,7.244941546337007,37.416573867739416,2,16256.93944,87633.56251999999,1458.086,11375_14,11375_10,14_10,0.5577331709123599,0.5209272593257266,1
9.9033298,1.19302,143.3390045,1400.0,0.626953,-0.192124,7694.0,60,13,11.3355999,0.082147,83.5156021,104.3919983,11366,1,7.244941546337007,37.416573867739416,2,13864.66172,200674.60629999998,1670.228,11366_13,11366_60,13_60,0.34376526392832796,0.16410654371917024,0
7.7366199,1.00956,32.6099014,1400.0,0.0068844,0.061343,6191.0,10,6,1291.5999756,2412.2199707,55.5932007,145.0529938,11375,1,7.244941546337007,37.416573867739416,2,10831.26786,45653.861959999995,1413.384,11375_6,11375_10,6_10,0.5004920756072737,0.4075335966420485,0
9.54807,1.01603,39.3372002,1400.0,-0.0781676,0.0580627,7759.0,10,16,922.9660034,2356.3898926,220.5780029,201.1139984,11814,1,7.244941546337007,37.416573867739416,2,13367.297999999999,55072.080279999995,1422.442,11814_16,11814_10,16_10,0.5765467399975176,0.5583002436985172,1
14.5341997,1.04012,64.743103,1600.0,-0.0276608,0.0279927,8336.0,10,3,1412.1600342,1312.9599609,37.013401,362.5369873,11834,1,7.3783837129967145,40.0,3,23254.71952,103588.9648,1664.192,11834_3,11834_10,3_10,0.7632934582564732,0.8491871928176521,1
18.5160007,1.0517499,69.5914001,1400.0,-0.0059855,0.0289996,7492.0,14,14,1133.2299805,864.6870117,192.026001,433.428009,11375,1,7.244941546337007,37.416573867739416,2,25922.40098,97427.96014,1472.44986,11375_14,11375_14,14_14,0.48271717008694454,0.3737014313700833,0
23.1117001,1.07143,84.1090012,1400.0,0.0171535,-0.0721501,8107.0,16,8,868.6890259,1083.4699707,329.2969971,760.4069824,11851,1,7.244941546337007,37.416573867739416,2,32356.38014,117752.60167999999,1500.0020000000002,11851_8,11851_16,8_16,0.4519576069098407,0.31811533113394364,0
14.4882002,1.04668,62.0872993,1600.0,0.289212,-0.0557519,7443.0,20,9,178.0070038,7.4102802,327.1270142,330.197998,11366,1,7.3783837129967145,40.0,3,23181.120319999998,99339.67887999999,1674.688,11366_9,11366_20,9_20,0.5776013977579727,0.5603798463721968,1
9.1448603,1.0119801,37.9817009,1600.0,0.0603469,-0.0432527,5471.0,10,16,138.5110016,220.8710022,247.8480072,339.1080017,11839,1,7.3783837129967145,40.0,3,14631.776479999999,60770.72144,1619.16816,11839_16,11839_10,16_10,0.678010009112326,0.7400007926255087,1
27.4682007,1.20902,129.4900055,1600.0,0.677963,-0.175015,8557.0,20,11,2146.2299805,2777.6298828,42.0583,485.7579956,11839,1,7.3783837129967145,40.0,3,43949.12112,207184.00879999998,1934.432,11839_11,11839_20,11_20,0.35099294878055143,0.17219304089184628,0
28.4708996,1.23357,135.5769958,1600.0,0.209076,-0.0597519,8552.0,19,2,2856.0300293,2868.9499512,190.6840057,554.3359985,11369,1,7.3783837129967145,40.0,3,45553.43936,216923.19327999998,1973.712,11369_2,11369_19,2_19,0.45060871830200244,0.31577915370798443,0
15.4184999,1.03589,57.0625992,1600.0,0.0609712,-0.0328638,7443.0,10,13,597.0560303,417.0559998,239.2169952,472.3880005,11366,1,7.3783837129967145,40.0,3,24669.599840000003,91300.15872,1657.424,11366_13,11366_10,13_10,0.6467957585773781,0.6891736061939395,1
11.4490004,1.02632,53.0485992,1400.0,0.0880282,-0.392159,6766.0,10,13,1278.5300293,1300.3900146,220.5209961,354.322998,11605,1,7.244941546337007,37.416573867739416,2,16028.600559999999,74268.03888,1436.848,11605_13,11605_10,13_10,0.5447299603862407,0.49493324470572436,0
19.0534992,1.02986,64.8507996,1400.0,-0.058241,-0.066157,7595.0,20,1,2021.9599609,1689.6400146,95.5168991,438.9119873,11814,1,7.244941546337007,37.416573867739416,2,26674.89888,90791.11944000001,1441.804,11814_1,11814_20,1_20,0.6721719602116374,0.7309146901444046,1
14.6216002,1.1029299,91.3177032,1400.0,-0.0079742,0.0471563,8221.0,10,9,408.9389954,869.7479858,97.9926987,368.8760071,11864,1,7.244941546337007,37.416573867739416,2,20470.240279999998,127844.78448,1544.1018599999998,11864_9,11864_10,9_10,0.551061816509065,0.5075961990044306,1
7.8705802,1.01652,42.5847015,1400.0,-0.0730838,0.0367044,7511.0,17,9,1620.1099854,2620.5,111.4940033,458.4549866,11375,1,7.244941546337007,37.416573867739416,2,11018.81228,59618.5821,1423.1280000000002,11375_9,11375_17,9_17,0.5806532507547496,0.566385391142813,1
12.0258999,1.00611,22.6723003,1600.0,0.173511,-0.0672781,8013.0,10,9,1134.6999512,83.4256973,302.0320129,318.5469971,11375,1,7.3783837129967145,40.0,3,19241.439840000003,36275.68048,1609.776,11375_9,11375_10,9_10,0.45325098870601765,0.3203640050104499,0
17.9929008,1.00832,30.7875996,1400.0,0.165228,0.11487,6766.0,10,9,21.0403996,83.1628036,312.0310059,299.723999,11375,1,7.244941546337007,37.416573867739416,2,25190.061120000002,43102.63944,1411.6480000000001,11375_9,11375_10,9_10,0.561838076142044,0.5291163240969834,1
12.7262001,1.0180399,40.3984985,1400.0,-0.0361609,-0.0832729,7091.0,16,14,257.9920044,1858.6600342,269.8919983,326.473999,11375,1,7.244941546337007,37.416573867739416,2,17816.68014,56557.8979,1425.25586,11375_14,11375_16,14_16,0.6002282038206265,0.6043726470092444,1
18.2768002,1.04726,78.5632019,1400.0,0.398299,-0.336767,7937.0,10,9,7010.0600586,3771.1298828,154.572998,619.6420288,11839,1,7.244941546337007,37.416573867739416,2,25587.52028,109988.48266,1466.1640000000002,11839_9,11839_10,9_10,0.7595269944506998,0.8452875401822528,1
21.3941994,1.2211,146.9680023,1400.0,0.215691,-0.426255,7664.1601562,20,1,538.9140015,1948.3499756,126.0309982,636.460022,11851,1,7.244941546337007,37.416573867739416,2,29951.87916,205755.20322,1709.5400000000002,11851_1,11851_20,1_20,0.3401968898048281,0.16022804654791273,0
3.2480299,1.00081,18.0,1400.0,0.0503124,-0.136234,8060.0,60,9,247.1380005,10.6055002,240.1519928,223.6869965,11864,1,7.244941546337007,37.416573867739416,2,4547.24186,25200.0,1401.134,11864_9,11864_60,9_60,0.3083380663929559,0.1288233293719805,0
6.23037,1.01976,60.1501007,1400.0,-0.345833,0.436716,8001.0,19,14,1826.8100586,2045.2900391,76.8123016,632.8649902,11375,1,7.244941546337007,37.416573867739416,2,8722.518,84210.14098000001,1427.664,11375_14,11375_19,14_19,0.4659864719221665,0.3429409488981566,0
14.6485996,1.0139,45.4968987,1400.0,-0.218199,0.17465,7819.0,11,9,777.6640015,3145.0400391,153.3959961,560.4450073,11839,1,7.244941546337007,37.416573867739416,2,20508.03944,63695.658180000006,1419.46,11839_9,11839_11,9_11,0.503108226821877,0.41259656687627355,0
10.1617002,1.01077,34.0484009,1400.0,-0.138939,0.198108,7723.0,25,14,994.4470215,1264.4599609,317.7969971,402.7479858,11375,1,7.244941546337007,37.416573867739416,2,14226.380280000001,47667.76126,1415.078,11375_14,11375_25,14_25,0.6609782155971299,0.7129425202330587,1
14.5045996,1.03563,57.355999,1400.0,-0.469471,0.0335145,7951.0,10,9,1325.9200439,3552.3798828,205.246994,1138.2900391,11839,1,7.244941546337007,37.416573867739416,2,20306.439440000002,80298.3986,1449.882,11839_9,11839_10,9_10,0.4137779635711579,0.2558057562073159,0
39.509201,1.52429,212.6300049,1400.0,-0.205568,0.92521,8332.0,20,13,333.355011,719.1229858,39.8688011,673.4730225,11367,1,7.244941546337007,37.416573867739416,2,55312.8814,297682.00685999996,2134.006,11367_13,11367_20,13_20,0.1486375637188396,0.03958151525527745,0
22.6550007,1.04196,66.9041977,1400.0,0.208723,-0.0933822,7899.0,24,1,1245.3800049,1400.4599609,78.5506973,461.4570007,11605,1,7.244941546337007,37.416573867739416,2,31717.000979999997,93665.87677999999,1458.744,11605_1,11605_24,1_24,0.5144350897364216,0.4347181220149413,0
17.3195,1.0444,63.3998985,1233.4100342,0.0217696,-0.0352972,8257.0,11,13,83.6070023,259.1879883,300.9989929,295.506012,11366,1,7.11834842982343,35.119937844478024,1,21362.0450873269,78198.07097716152,1288.1734397184798,11366_13,11366_11,13_11,0.6921459462996629,0.7611619013217719,1
23.1576996,1.09674,87.1298981,1600.0,0.165818,0.1215,8335.0,20,7,4826.1499023,2213.4299316,278.8609924,334.1990051,11375,1,7.3783837129967145,40.0,3,37052.31936,139407.83696000002,1754.784,11375_7,11375_20,7_20,0.9131378446713229,0.949164893960825,1
17.3722992,1.09723,82.9215012,1400.0,0.0253859,0.0555615,7367.0,10,1,1293.25,1293.5200195,96.5037003,466.0109863,11839,1,7.244941546337007,37.416573867739416,2,24321.21888,116090.10167999999,1536.1219999999998,11839_1,11839_10,1_10,0.4364520179459087,0.2918344396953981,0
9.9624901,1.00471,38.387001,1400.0,0.262798,-0.149731,5844.0,62,1,77.1505966,1356.5200195,302.6000061,297.4819946,11604,1,7.244941546337007,37.416573867739416,2,13947.48614,53741.8014,1406.594,11604_1,11604_62,1_62,0.6794540751999765,0.7422173245088272,1
12.6476002,1.0426,68.2382965,1400.0,0.375361,-0.0697304,7771.0,16,13,150.0130005,91.0371017,203.3730011,165.3509979,11804,1,7.244941546337007,37.416573867739416,2,17706.64028,95533.61510000001,1459.6399999999999,11804_13,11804_16,13_16,0.4334553762553355,0.2869048185007832,0
25.1664009,1.1342,119.3219986,1400.0,0.0703755,-0.0318206,8040.0,10,9,858.7420044,947.9359741,142.0350037,544.1799927,11814,1,7.244941546337007,37.416573867739416,2,35232.96126,167050.79804,1587.88,11814_9,11814_10,9_10,0.4403735099344692,0.29836006747651256,0
7.927,1.01481,44.4746017,1400.0,0.166795,-0.109928,7551.0,16,16,36.5881996,36.5881996,144.4539948,324.0880127,11814,1,7.244941546337007,37.416573867739416,2,11097.8,62264.44238,1420.734,11814_16,11814_16,16_16,0.6920924131366519,0.7610840363537823,1
14.1370001,1.04054,66.5397034,1400.0,0.006227,0.128992,7855.0,10,1,313.8080139,992.1430054,297.9070129,508.4070129,11804,1,7.244941546337007,37.416573867739416,2,19791.80014,93155.58476,1456.756,11804_1,11804_10,1_10,0.6523255654708386,0.6985699060959802,1
13.8521996,1.05374,70.4437027,1400.0,0.064578,0.0717626,8151.0,10,9,244.6759949,3147.9299316,96.330101,469.2340088,11814,1,7.244941546337007,37.416573867739416,2,19393.07944,98621.18378,1475.2359999999999,11814_9,11814_10,9_10,0.6158328166757735,0.633800306450686,1
13.0949001,1.02766,55.4491997,1400.0,0.214058,-0.390469,6949.0,10,1,0.0,867.5869751,272.8680115,418.7799988,11804,1,7.244941546337007,37.416573867739416,2,18332.86014,77628.87958000001,1438.724,11804_1,11804_10,1_10,0.4906667272570532,0.3887015252811465,0
17.7262001,1.0407799,66.4095993,1400.0,0.012542,0.264619,8155.0,10,11,1908.5200195,4080.6899414,141.4349976,414.5450134,11808,1,7.244941546337007,37.416573867739416,2,24816.68014,92973.43901999999,1457.09186,11808_11,11808_10,11_10,0.7600110588298711,0.845793297305366,1
15.3146,1.04163,63.1467018,1400.0,-0.0323195,-0.102973,7734.0,13,11,1022.8599854,2592.9199219,275.4989929,518.1719971,11814,1,7.244941546337007,37.416573867739416,2,21440.440000000002,88405.38252,1458.2820000000002,11814_11,11814_13,11_13,0.5608508080422141,0.5271480412269899,1
21.7075005,1.1103899,98.1287994,1400.0,0.107924,-0.073618,7734.0,25,1,2137.7800293,2401.4299316,163.401001,415.75,11814,1,7.244941546337007,37.416573867739416,2,30390.500699999997,137380.31916,1554.54586,11814_1,11814_25,1_25,0.633343271075147,0.6656640461062888,1
5.4994702,1.01135,55.4466019,1400.0,0.192816,-0.648455,8314.0,20,1,2785.4599609,3562.5600586,67.3923035,431.0190125,11369,1,7.244941546337007,37.416573867739416,2,7699.25828,77625.24266,1415.8899999999999,11369_1,11369_20,1_20,0.5143076693479878,0.4344676421719844,0
18.3227005,1.03686,60.0480003,1400.0,0.158474,-0.126904,7740.0,13,9,726.6359863,2587.2099609,288.1300049,464.79599,11814,1,7.244941546337007,37.416573867739416,2,25651.7807,84067.20042,1451.6039999999998,11814_9,11814_13,9_13,0.5979227322767326,0.5999542436243749,1
9.0493202,1.08676,83.9730988,1400.0,0.234602,-0.0537807,8161.1401367,48,9,21.3400993,173.9909973,161.4149933,74.8406982,11808,1,7.244941546337007,37.416573867739416,2,12669.04828,117562.33832000001,1521.464,11808_9,11808_48,9_48,0.5601786663927507,0.5258075285057279,1
15.0359001,1.0646501,85.9624023,1400.0,0.0018381,0.0237579,7397.0,13,3,1089.1700439,1251.7199707,128.2129974,312.3429871,11834,1,7.244941546337007,37.416573867739416,2,21050.26014,120347.36321999998,1490.5101399999999,11834_3,11834_13,3_13,0.6065969895478525,0.6164881351702493,1
22.7222004,1.10546,105.7460022,1400.0,0.0292938,-0.0034657,7610.0,13,3,2209.6398926,2309.1599121,214.2440033,294.447998,11366,1,7.244941546337007,37.416573867739416,2,31811.08056,148044.40308000002,1547.6440000000002,11366_3,11366_13,3_13,0.6436652649461657,0.6837836037999279,1
13.7610998,1.0167,43.3366013,1400.0,-0.0082458,0.0367568,7278.0,13,1,3370.8400879,4004.1101074,234.7539978,370.3330078,11834,1,7.244941546337007,37.416573867739416,2,19265.53972,60671.241819999996,1423.3799999999999,11834_1,11834_13,1_13,0.7544012809288818,0.8398487115995561,1
27.0806999,1.08032,90.245697,1400.0,-0.131249,-0.0025127,7395.0,10,1,2869.9699707,628.6170044,300.3370056,347.1849976,11834,1,7.244941546337007,37.416573867739416,2,37912.97986,126343.97580000001,1512.4479999999999,11834_1,11834_10,1_10,0.7242523241952945,0.8046966204944329,1
15.8380003,1.02621,46.1282997,1400.0,0.0137276,0.178487,7656.0,12,13,1666.6600342,1198.7600098,161.0720062,521.3029785,11375,1,7.244941546337007,37.416573867739416,2,22173.200419999997,64579.61958,1436.6940000000002,11375_13,11375_12,13_12,0.7130085975596657,0.790171815406968,1
9.3261995,1.0152,32.8917999,1400.0,-0.137663,0.271206,7660.0,10,9,908.559021,2885.3000488,156.7189941,356.7919922,11814,1,7.244941546337007,37.416573867739416,2,13056.6793,46048.51986,1421.2800000000002,11814_9,11814_10,9_10,0.6257985419261141,0.6520995678506466,1
7.3710098,1.00982,36.2820015,1400.0,0.197594,0.0141486,7618.0,20,13,1784.8499756,1761.1400146,224.4720001,398.1210022,11375,1,7.244941546337007,37.416573867739416,2,10319.41372,50794.8021,1413.7479999999998,11375_13,11375_20,13_20,0.7965730832622552,0.8802160060096446,1
3.30847,1.0193599,36.3213005,1400.0,0.0583737,0.0839071,6979.0,10,13,234.3190002,1686.9100342,196.1790009,365.9949951,11369,1,7.244941546337007,37.416573867739416,2,4631.858,50849.8207,1427.10386,11369_13,11369_10,13_10,0.6349356112813606,0.6684931091369839,1
27.0925999,1.1237299,102.8450012,1400.0,-0.0887345,-0.0117278,8249.0,17,13,801.1539917,2131.1201172,108.9830017,608.5629883,11839,1,7.244941546337007,37.416573867739416,2,37929.63986,143983.00168,1573.22186,11839_13,11839_17,13_17,0.4509290569227187,0.3163331207017284,0
15.3591003,1.05033,74.9938965,1400.0,0.168162,-0.20771,6986.0,20,1,3250.4799805,1645.1500244,43.6118011,348.0700073,11814,1,7.244941546337007,37.416573867739416,2,21502.74042,104991.4551,1470.462,11814_1,11814_20,1_20,0.8866464871463221,0.9379097349689772,1
3.3109901,1.00655,32.0,1400.0,0.157605,-0.0634723,7193.0,10,1,1224.1300049,547.4489746,253.3009949,348.0,11839,0,7.244941546337007,37.416573867739416,2,4635.3861400000005,44800.0,1409.17,11839_1,11839_10,1_10,0.419645369829237,0.26484347601651054,0
7.8323102,1.02054,44.0,1600.0,0.41936,-0.440384,7854.0,20,16,763.6749878,829.7589722,62.4026985,337.0,11369,0,7.3783837129967145,40.0,3,12531.696320000001,70400.0,1632.864,11369_16,11369_20,16_20,0.4932975200707075,0.39371395872162146,0
26.4948997,1.0694799,79.0,1400.0,1.06875,-0.613892,6448.0,20,13,3877.3200684,270.0,321.0920105,243.0,11366,0,7.244941546337007,37.416573867739416,2,37092.859580000004,110600.0,1497.2718599999998,11366_13,11366_20,13_20,0.5315959922393856,0.4687060931348817,0
16.9353008,1.04125,62.0,1400.0,-0.02109,-0.279013,8058.0,10,16,2093.3500977,849.0579834,189.1620026,778.0,11366,0,7.244941546337007,37.416573867739416,2,23709.42112,86800.0,1457.75,11366_16,11366_10,16_10,0.5672339730203848,0.5398563559165662,1
6.9584498,1.0093,32.0,1400.0,-0.118585,0.127057,6706.0,10,1,630.0,804.9840088,63.7257996,244.0,11627,0,7.244941546337007,37.416573867739416,2,9741.82972,44800.0,1413.0200000000002,11627_1,11627_10,1_10,0.523005971444447,0.451636774652891,0
5.87851,1.1525199,118.0,1400.0,0.42312,-1.06301,8287.0,20,13,1497.9000244,1328.8299561,66.1940994,573.0,11369,0,7.244941546337007,37.416573867739416,2,8229.914,165200.0,1613.52786,11369_13,11369_20,13_20,0.2979282100236663,0.11976243934153975,0
2.36655,1.02663,48.0,1400.0,0.0767629,-0.365391,7699.0,10,14,2139.2800293,804.9840088,39.5597,213.0,11377,0,7.244941546337007,37.416573867739416,2,3313.17,67200.0,1437.282,11377_14,11377_10,14_10,0.5537954332080897,0.5130610448963643,1
38.3269997,1.11831,117.0,1400.0,-0.496102,-0.0907943,8221.0,20,5,2077.8100586,3003.8999023,116.6549988,595.0,11369,0,7.244941546337007,37.416573867739416,2,53657.79958,163800.0,1565.6339999999998,11369_5,11369_20,5_20,0.45658198836524144,0.3261936589152391,0
12.3360004,1.03167,62.0,1400.0,-0.0005669,0.257356,6864.0,20,1,829.7589722,890.9550171,125.1999969,355.0,11604,0,7.244941546337007,37.416573867739416,2,17270.40056,86800.0,1444.3380000000002,11604_1,11604_20,1_20,0.6293344697169156,0.6584890972865952,1
13.8177996,1.05732,78.0,1400.0,-0.0493377,0.147175,7768.0,20,1,886.3969727,1622.5,296.42099,466.0,11605,0,7.244941546337007,37.416573867739416,2,19344.91944,109200.0,1480.248,11605_1,11605_20,1_20,0.639503490974903,0.6765409660900503,1
16.9563999,1.0385,54.0,1800.0,0.101327,-0.0460577,8248.0,10,1,4275.7099609,994.0830078,219.8390045,456.0,11839,0,7.496097345175956,42.42640687119285,4,30521.51982,97200.0,1869.3,11839_1,11839_10,1_10,0.8015118802693254,0.8843196332037382,1
11.8893995,1.0008399,27.0,1400.0,-0.0030705,-0.0030705,7706.0,20,14,90.0,569.210022,309.6610107,421.0,11804,0,7.244941546337007,37.416573867739416,2,16645.1593,37800.0,1401.1758599999998,11804_14,11804_20,14_20,0.3502444297972039,0.17134114894375138,0
19.9778004,1.05915,81.0,1400.0,0.25119,-0.375195,7984.0,20,13,284.605011,2684.9599609,322.4309998,518.0,11375,0,7.244941546337007,37.416573867739416,2,27968.92056,113400.0,1482.81,11375_13,11375_20,13_20,0.3964448291972742,0.23031227690264594,0
16.9165001,1.04654,66.0,1600.0,-0.0647156,0.193208,7816.0,20,11,201.2460022,90.0,203.0619965,146.0,11605,0,7.3783837129967145,40.0,3,27066.40016,105600.0,1674.464,11605_11,11605_20,11_20,0.5588316660937309,0.5231199836280434,1
11.9267998,1.0268,47.0,1400.0,-0.33432,0.132399,8012.0,30,1,2036.4699707,2077.8100586,175.4859924,415.0,11814,0,7.244941546337007,37.416573867739416,2,16697.51972,65800.0,1437.52,11814_1,11814_30,1_30,0.6593212330172676,0.710221996185159,1
7.3750901,1.01248,44.0,1400.0,-0.354396,0.407092,7952.0,20,3,2577.2099609,3195.9499512,132.3970032,684.0,11369,0,7.244941546337007,37.416573867739416,2,10325.12614,61600.0,1417.472,11369_3,11369_20,3_20,0.4023669345560483,0.23881778388049668,0
9.3510199,1.0585099,72.0,1800.0,0.202015,-0.264703,7932.0,20,11,2623.9299316,1170.0,137.0449982,730.0,11369,0,7.496097345175956,42.42640687119285,4,16831.83582,129600.0,1905.31782,11369_11,11369_20,11_20,0.5483572658603313,0.5021876682514143,1
13.7552996,1.03633,55.0,1400.0,-0.26276,0.105701,6710.0,10,1,1592.2600098,1405.8399658,57.4790993,294.0,11605,0,7.244941546337007,37.416573867739416,2,19257.41944,77000.0,1450.8619999999999,11605_1,11605_10,1_10,0.6408394438292755,0.678875346990471,1
11.5833998,1.0258501,54.0,1400.0,-0.0159347,0.0823218,6859.0,10,11,2991.7399902,1738.1899414,189.3350067,435.0,11804,0,7.244941546337007,37.416573867739416,2,16216.75972,75600.0,1436.19014,11804_11,11804_10,11_10,0.6035351919637849,0.6106806359436119,1
22.3008995,1.06049,73.0,1200.0,0.260994,-0.0337757,8709.0,10,1,4989.9301758,5111.8100586,107.0889969,537.0,11839,0,7.0909098220799835,34.64101615137755,1,26761.0794,87600.0,1272.588,11839_1,11839_10,1_10,0.844551574986241,0.9151579361063823,1
9.55091,1.02195,38.0,1600.0,0.140735,-0.301419,7388.0,20,11,1855.4000244,636.3959961,162.7590027,132.0,11804,0,7.3783837129967145,40.0,3,15281.456,60800.0,1635.12,11804_11,11804_20,11_20,0.6854518161537106,0.7512905533203311,1
26.7199001,1.1519099,104.0,1400.0,0.110075,0.367998,7768.0,20,11,2952.2199707,450.0,193.0420074,209.0,11804,0,7.244941546337007,37.416573867739416,2,37407.86014,145600.0,1612.6738599999999,11804_11,11804_20,11_20,0.45815080216408405,0.32895814666091333,0
2.64729,1.00501,23.0,1400.0,-0.193273,0.0278037,8381.0,20,3,4072.9399414,4287.0600586,98.6156006,690.0,11839,0,7.244941546337007,37.416573867739416,2,3706.2059999999997,32200.0,1407.014,11839_3,11839_20,3_20,0.5605484344740567,0.5265450376185914,1
18.1315994,1.04612,86.0,1400.0,0.693767,-0.337926,8677.0,20,9,5174.0200195,4838.2797852,237.7890015,563.0,11839,0,7.244941546337007,37.416573867739416,2,25384.239159999997,120400.0,1464.568,11839_9,11839_20,9_20,0.676929944628627,0.7383349164453784,1
7.0325999,1.00916,40.0,1600.0,-0.0368462,0.515847,7771.0,20,1,2189.7900391,763.6749878,88.069397,132.0,11366,0,7.3783837129967145,40.0,3,11252.15984,64000.0,1614.6560000000002,11366_1,11366_20,1_20,0.5488338330198056,0.503140775220032,1
11.1346998,1.06157,79.0,1400.0,0.0881528,-0.218899,7396.0,10,13,4770.8500977,5495.1601562,157.2250061,293.0,11804,0,7.244941546337007,37.416573867739416,2,15588.57972,110600.0,1486.1979999999999,11804_13,11804_10,13_10,0.9013998728979803,0.9444380555139824,1
7.3516598,1.01157,39.0,1400.0,0.0753484,-0.0106261,7214.0,30,11,1423.0200195,2948.1000977,93.0774994,215.0,11375,0,7.244941546337007,37.416573867739416,2,10292.32372,54600.0,1416.198,11375_11,11375_30,11_30,0.6618416391696427,0.7143540733467544,1
16.1562004,1.05905,93.0,1800.0,-0.246042,0.564574,7219.0,20,3,853.8150024,1272.7900391,99.9128036,668.0,11369,0,7.496097345175956,42.42640687119285,4,29081.16072,167400.0,1906.2900000000002,11369_3,11369_20,3_20,0.3406610750169557,0.16072834482049841,0
8.7728701,1.0683399,89.0,1800.0,-0.0017571,-0.357937,8104.0,20,2,10907.7998047,4532.2797852,101.9150009,1373.0,11869,0,7.496097345175956,42.42640687119285,4,15791.16618,160200.0,1923.01182,11869_2,11869_20,2_20,0.4594962455353377,0.3313385017330295,0
42.6450005,1.2583801,143.0,1600.0,0.632993,-0.202187,8321.0,20,1,917.822998,1926.0799561,281.276001,686.0,11814,0,7.3783837129967145,40.0,3,68232.00080000001,228800.0,2013.4081599999997,11814_1,11814_20,1_20,0.11545029235624227,0.030634792499024333,0
33.1285019,1.05454,73.0,1400.0,0.0127205,-0.0241256,8173.0,30,13,2276.8400879,2476.2299805,86.1050034,617.0,11369,0,7.244941546337007,37.416573867739416,2,46379.90266000001,102200.0,1476.356,11369_13,11369_30,13_30,0.6424656917164014,0.6817049454203629,1
19.7175007,1.07779,86.0,1400.0,0.0256724,-0.207687,8613.0,20,12,2991.7399902,3057.3500977,340.5849915,936.0,11839,0,7.244941546337007,37.416573867739416,2,27604.500979999997,120400.0,1508.906,11839_12,11839_20,12_20,0.44729574528966637,0.31008083099585715,0
25.1872005,1.1339999,99.0,1400.0,0.14295,-0.164101,7721.0,20,1,886.3969727,1476.1099854,186.9369965,315.0,11814,0,7.244941546337007,37.416573867739416,2,35262.0807,138600.0,1587.59986,11814_1,11814_20,1_20,0.485898865141399,0.37967769289610975,0
13.2056999,1.00035,25.0,1400.0,0.135314,0.135314,7388.0,20,14,0.0,1183.7700195,337.0679932,437.0,11375,0,7.244941546337007,37.416573867739416,2,18487.97986,35000.0,1400.49,11375_14,11375_20,14_20,0.44632575478152137,0.30842319620804975,0
23.7562008,1.06231,68.0,1600.0,-0.319898,-0.0005646,8154.0,20,1,768.960022,804.9840088,106.2669983,678.0,11369,0,7.3783837129967145,40.0,3,38009.921279999995,108800.0,1699.6960000000001,11369_1,11369_20,1_20,0.400994658948512,0.23682784928388945,0
21.7280998,1.1083,125.0,1400.0,-0.316831,-0.218574,8107.0,20,1,2133.5900879,3251.2299805,346.7369995,484.0,11808,0,7.244941546337007,37.416573867739416,2,30419.33972,175000.0,1551.6200000000001,11808_1,11808_20,1_20,0.4206656476060805,0.26643571949613326,0
33.9724998,1.29723,178.0,1800.0,0.0449968,0.30292,7925.0,20,1,2672.8601074,2591.3100586,349.3370056,623.0,11839,0,7.496097345175956,42.42640687119285,4,61150.49964,320400.0,2335.014,11839_1,11839_20,1_20,0.354710759803049,0.17647403565298173,0
15.5367002,1.04931,63.0,1800.0,-0.0769875,0.180936,8282.0,20,3,4347.1000977,1370.8399658,240.1130066,932.0,11369,0,7.496097345175956,42.42640687119285,4,27966.06036,113400.0,1888.758,11369_3,11369_20,3_20,0.7726024864346683,0.8584788044739365,1
9.6952696,1.01983,59.0,1400.0,0.306251,0.0360454,7694.0,10,3,2191.6398926,3628.0200195,311.0549927,436.0,11369,0,7.244941546337007,37.416573867739416,2,13573.37744,82600.0,1427.762,11369_3,11369_10,3_10,0.6254312944565522,0.6514327434524235,1
10.8239002,1.01012,30.0,1400.0,0.431285,-0.0108695,7479.0,10,16,90.0,450.0,0.830315,392.0,11839,0,7.244941546337007,37.416573867739416,2,15153.460280000001,42000.0,1414.168,11839_16,11839_10,16_10,0.49914890831015896,0.404941735242449,0
7.3113098,1.0288399,56.0,1600.0,0.227124,0.399072,8254.0,10,1,0.0,1973.8499756,52.0164986,435.0,11814,0,7.3783837129967145,40.0,3,11698.09568,89600.0,1646.14384,11814_1,11814_10,1_10,0.4230733067829498,0.2702171865509514,0
14.9365997,1.04251,72.0,1400.0,-0.0896208,0.119174,8094.0,20,13,1397.1800537,3476.3798828,68.3643036,590.0,11808,0,7.244941546337007,37.416573867739416,2,20911.23958,100800.0,1459.5140000000001,11808_13,11808_20,13_20,0.71866949702274,0.7975818052522339,1
46.8367004,1.5591201,292.0,1400.0,0.535843,-0.20108,8278.0,20,16,1808.9799805,450.0,62.8689995,562.0,11839,0,7.244941546337007,37.416573867739416,2,65571.38055999999,408800.0,2182.7681399999997,11839_16,11839_20,16_20,0.3674780913135274,0.1918114282136845,0
21.184,1.15971,125.0,1400.0,-0.339814,0.286571,8165.0,20,11,1451.2099609,3421.1799316,230.220993,537.0,11834,0,7.244941546337007,37.416573867739416,2,29657.600000000002,175000.0,1623.594,11834_11,11834_20,11_20,0.2675008558047235,0.09638084088549809,0
13.566,1.01845,47.0,1600.0,0.0861289,0.147539,8544.0,20,1,1973.8499756,2294.5600586,111.5569992,917.0,11839,0,7.3783837129967145,40.0,3,21705.600000000002,75200.0,1629.5200000000002,11839_1,11839_20,1_20,0.5882969163176651,0.5813378785547801,1
4.8153501,1.00317,20.0,1400.0,-0.086274,-0.0371457,7510.0,10,11,0.0,1200.75,45.0,508.0,11369,0,7.244941546337007,37.416573867739416,2,6741.49014,28000.0,1404.4379999999999,11369_11,11369_10,11_10,0.3984458036502582,0.23316219788715048,0
14.3469,1.0402,62.0,1400.0,-0.0122821,0.0122821,8100.0,20,10,2139.2800293,2077.8100586,309.7260132,812.0,11839,0,7.244941546337007,37.416573867739416,2,20085.66,86800.0,1456.28,11839_10,11839_20,10_20,0.6766251697734934,0.7378635913847409,1
27.3822002,1.2538199,156.0,1600.0,-1.1848201,0.657484,7495.0,20,16,1080.0,371.07901,320.8619995,477.0,11814,0,7.3783837129967145,40.0,3,43811.520319999996,249600.0,2006.1118400000003,11814_16,11814_20,16_20,0.1229388684375938,0.03246476641159866,0
22.4972992,1.07778,85.0,1400.0,-0.0338784,0.0152498,7675.0,20,1,2355.5300293,569.210022,28.7940006,475.0,11839,0,7.244941546337007,37.416573867739416,2,31496.21888,119000.0,1508.892,11839_1,11839_20,1_20,0.5972415894547445,0.5986456900656599,1
6.0482402,1.00353,24.0,1400.0,0.352686,-0.261417,8303.0,10,13,5226.9799805,1592.2600098,64.4400024,908.0,11366,0,7.244941546337007,37.416573867739416,2,8467.53628,33600.0,1404.942,11366_13,11366_10,13_10,0.3038857375062271,0.12487849686026531,0
15.1730003,1.03763,77.0,1400.0,-0.422326,0.400573,7906.0,20,3,5280.1699219,6405.8300781,164.8990021,787.0,11804,0,7.244941546337007,37.416573867739416,2,21242.20042,107800.0,1452.682,11804_3,11804_20,3_20,0.6808366026979943,0.7443278094347391,1
23.4470005,1.13714,104.0,1400.0,0.210296,0.0629117,8114.0,20,13,1800.0,3143.5600586,162.1439972,740.0,11369,0,7.244941546337007,37.416573867739416,2,32825.8007,145600.0,1591.996,11369_13,11369_20,13_20,0.5148246205774898,0.4354840583128596,0
9.8244104,1.00192,60.0,1400.0,0.337268,0.0424989,7657.0,20,1,90.0,648.9990234,90.4583969,434.0,11369,0,7.244941546337007,37.416573867739416,2,13754.17456,84000.0,1402.6879999999999,11369_1,11369_20,1_20,0.4223574065564072,0.26908927059772775,0
6.6866298,1.0129,31.0,1400.0,-0.108383,-0.0224084,7239.0,20,1,381.8380127,4898.1801758,234.6199951,369.0,11605,0,7.244941546337007,37.416573867739416,2,9361.28172,43400.0,1418.06,11605_1,11605_20,1_20,0.5102312414976004,0.426472630613012,0
27.8967991,1.21454,127.0,1400.0,-0.323022,-0.0650983,7896.0,20,10,2558.2800293,5675.7099609,262.6329956,604.0,11369,0,7.244941546337007,37.416573867739416,2,39055.51874,177800.0,1700.356,11369_10,11369_20,10_20,0.379666537988632,0.20738262351074438,0
16.3904991,1.05955,72.0,1400.0,0.247614,0.0265367,7974.0,10,16,1731.1800537,5973.3198242,148.4810028,657.0,11814,0,7.244941546337007,37.416573867739416,2,22946.69874,100800.0,1483.37,11814_16,11814_10,16_10,0.6715864048593555,0.7299923654002992,1
8.1982899,1.0246,51.0,1400.0,0.338985,-0.103169,7642.0,20,13,2898.2199707,3644.7199707,337.3800049,695.0,11814,0,7.244941546337007,37.416573867739416,2,11477.605860000001,71400.0,1434.4399999999998,11814_13,11814_20,13_20,0.513490824149776,0.43286270824886847,0
16.6861992,1.02546,60.0,1400.0,-0.153889,0.0303424,7698.0,20,1,1571.7800293,3632.4799805,45.3745003,315.0,11605,0,7.244941546337007,37.416573867739416,2,23360.67888,84000.0,1435.644,11605_1,11605_20,1_20,0.6956014615710074,0.7661511118335596,1
31.7686996,1.04503,94.0,1600.0,-0.253426,0.987062,8462.0,20,9,5218.4501953,3583.0900879,283.3210144,598.0,11369,0,7.3783837129967145,40.0,3,50829.91936,150400.0,1672.0479999999998,11369_9,11369_20,9_20,0.605877191248991,0.6151257668240352,1
11.5874996,1.0604399,79.0,1400.0,0.441392,-0.0376085,8152.0,20,10,2790.0,3304.3601074,269.2260132,541.0,11839,0,7.244941546337007,37.416573867739416,2,16222.49944,110600.0,1484.6158599999999,11839_10,11839_20,10_20,0.5986034736507748,0.6012606025511342,1
18.8801003,1.06892,84.0,1200.0,0.137379,-0.439878,7573.0,20,1,1170.0,3960.0,310.3999939,899.0,11839,0,7.0909098220799835,34.64101615137755,1,22656.120359999997,100800.0,1282.7040000000002,11839_1,11839_20,1_20,0.22032241091135138,0.06814571912716968,0
5.0591798,1.00492,24.0,1400.0,0.244315,-0.111865,7942.0,10,12,3924.0400391,4846.6499023,20.1362991,537.0,11839,0,7.244941546337007,37.416573867739416,2,7082.85172,33600.0,1406.8880000000001,11839_12,11839_10,12_10,0.6563006953195218,0.7052236731143852,1
22.3922005,1.09842,88.0,1600.0,0.109041,-0.038344,7563.0,20,3,725.6030273,1800.0,167.1790009,511.0,11369,0,7.3783837129967145,40.0,3,35827.5208,140800.0,1757.472,11369_3,11369_20,3_20,0.46985706907495123,0.3499518541040879,0
7.4911098,1.01169,30.0,1400.0,-0.125044,0.120597,8156.0,20,13,547.4489746,6698.8100586,249.6560059,655.0,11366,0,7.244941546337007,37.416573867739416,2,10487.55372,42000.0,1416.366,11366_13,11366_20,13_20,0.4727671927983746,0.3552662676051662,0
24.8325005,1.2297,134.0,1400.0,0.575786,0.0599398,7721.0,20,1,829.7589722,886.3969727,187.7420044,481.0,11369,0,7.244941546337007,37.416573867739416,2,34765.5007,187600.0,1721.58,11369_1,11369_20,1_20,0.313542640007594,0.13356876843485208,0
9.3620701,1.01984,48.0,1600.0,-0.13019,0.0786052,8300.0,20,2,2099.1398926,4431.9902344,114.8420029,1073.0,11864,0,7.3783837129967145,40.0,3,14979.312160000001,76800.0,1631.7440000000001,11864_2,11864_20,2_20,0.5781818195795121,0.5615234388651025,1
8.2288904,1.0424401,53.0,1400.0,-0.0245641,-0.245641,7867.0,10,1,2476.2299805,4557.2402344,99.3721008,716.0,11839,0,7.244941546337007,37.416573867739416,2,11520.446559999998,74200.0,1459.41614,11839_1,11839_10,1_10,0.5559724471187559,0.5174110022393461,1
9.6532698,1.06265,84.0,1400.0,-0.0898649,0.0452377,8413.0,20,9,509.1170044,5863.1401367,282.2250061,1345.0,11864,0,7.244941546337007,37.416573867739416,2,13514.577720000001,117600.0,1487.71,11864_9,11864_20,9_20,0.3637762541663904,0.18726241456271306,0
20.3934994,1.0320801,58.0,1400.0,0.0491282,0.0491282,6845.0,20,16,270.0,3018.6899414,152.4799957,476.0,11839,0,7.244941546337007,37.416573867739416,2,28550.89916,81200.0,1444.91214,11839_16,11839_20,16_20,0.5571227138656254,0.5197083618798274,1
23.4391003,1.1218801,92.0,1400.0,-0.0688664,-0.167123,7899.0,20,1,2139.2800293,1253.5500488,83.5789032,1243.0,11839,0,7.244941546337007,37.416573867739416,2,32814.74042,128800.0,1570.6321400000002,11839_1,11839_20,1_20,0.4335546395275049,0.2870673125246232,0
34.5031013,1.2106,137.0,1400.0,0.107397,0.377602,8446.0,20,1,5294.7202148,2495.7800293,11.0382004,1120.0,11369,0,7.244941546337007,37.416573867739416,2,48304.341819999994,191800.0,1694.84,11369_1,11369_20,1_20,0.3853074621610949,0.21489841301042412,0
5.5990601,1.01384,43.0,1400.0,0.0473664,-0.0631722,6773.0,20,3,1361.9499512,1260.0,47.2905998,691.0,11366,0,7.244941546337007,37.416573867739416,2,7838.68414,60200.0,1419.3760000000002,11366_3,11366_20,3_20,0.5155865230656799,0.4369830779462299,0
7.4911098,1.00842,40.0,1400.0,0.144227,-0.19967,8378.0,20,9,1170.0,3894.0,138.4170074,1269.0,11864,0,7.244941546337007,37.416573867739416,2,10487.55372,56000.0,1411.7880000000002,11864_9,11864_20,9_20,0.34098410038012816,0.16107724591359177,0
14.0923996,1.0215,50.0,1400.0,-0.0646337,0.070469,8265.0,20,2,3551.3000488,3551.3000488,317.6839905,527.0,11369,0,7.244941546337007,37.416573867739416,2,19729.35944,70000.0,1430.1000000000001,11369_2,11369_20,2_20,0.7486650177908366,0.83357969194473,1
13.1093998,1.03172,54.0,1400.0,0.0529721,0.0652541,7216.0,20,13,180.0,1253.5500488,182.0449982,616.0,11369,0,7.244941546337007,37.416573867739416,2,18353.15972,75600.0,1444.408,11369_13,11369_20,13_20,0.5571866764873988,0.5198360870778549,1
13.3715,1.03509,62.0,1400.0,-0.437558,0.102853,8280.0,30,3,4236.7001953,1602.4000244,229.2539978,534.0,11804,0,7.244941546337007,37.416573867739416,2,18720.1,86800.0,1449.1260000000002,11804_3,11804_30,3_30,0.7942696874643664,0.8782594704683512,1
6.3523202,1.0082901,28.0,1400.0,0.240979,0.118159,8186.0,10,3,2997.1499023,1250.3199463,286.631012,227.0,11804,0,7.244941546337007,37.416573867739416,2,8893.24828,39200.0,1411.6061399999999,11804_3,11804_10,3_10,0.6103276203153138,0.6235194478552953,1
1.36531,1.00042,7.0,1400.0,0.0388113,-0.0471631,6420.0,10,6,201.2460022,2772.5300293,305.5379944,106.0,11375,0,7.244941546337007,37.416573867739416,2,1911.434,9800.0,1400.5880000000002,11375_6,11375_10,6_10,0.291165286225209,0.11417519690375484,0
12.1633997,1.00542,34.0,1400.0,0.431802,-0.0717629,7673.0,20,13,0.0,1728.8399658,46.0415993,440.0,11375,0,7.244941546337007,37.416573867739416,2,17028.759579999998,47600.0,1407.588,11375_13,11375_20,13_20,0.4233038910269974,0.2705811101482926,0
30.5496006,1.12211,113.0,1400.0,-0.574933,0.383068,8597.0,20,13,2146.8300781,2476.2299805,282.4700012,938.0,11864,0,7.244941546337007,37.416573867739416,2,42769.44084,158200.0,1570.954,11864_13,11864_20,13_20,0.15098029782768574,0.04030016442150743,0
10.7889004,1.00752,38.0,1800.0,-0.0475133,0.234974,7797.0,10,11,3894.0,2276.8400879,210.1069946,841.0,11369,0,7.496097345175956,42.42640687119285,4,19420.02072,68400.0,1813.536,11369_11,11369_10,11_10,0.41522915120919884,0.258022105710157,0
14.9015999,1.03152,53.0,1400.0,-0.0770631,0.0089113,8430.0,20,16,1484.3199463,1484.3199463,141.3399963,1006.0,11839,0,7.244941546337007,37.416573867739416,2,20862.23986,74200.0,1444.128,11839_16,11839_20,16_20,0.5288184948163589,0.46317693069854227,0
17.9386005,1.05374,59.0,1600.0,-0.339544,0.495636,7699.0,10,16,3161.5500488,2133.5900879,119.1969986,443.0,11366,0,7.3783837129967145,40.0,3,28701.7608,94400.0,1685.984,11366_16,11366_10,16_10,0.47714490086689615,0.36332809499212987,0
25.0370998,1.09751,89.0,1400.0,-0.102738,-0.151866,7537.0,20,15,0.0,926.6069946,38.739399,402.0,11808,0,7.244941546337007,37.416573867739416,2,35051.93972,124600.0,1536.514,11808_15,11808_20,15_20,0.5540265415760952,0.5135229349471544,1
23.9393005,1.11545,97.0,1800.0,0.204559,-0.311287,7674.0,20,11,270.0,180.0,285.381012,432.0,11814,0,7.496097345175956,42.42640687119285,4,43090.740900000004,174600.0,2007.8100000000002,11814_11,11814_20,11_20,0.25648461321305666,0.0889737367547947,0
3.7662101,1.00064,16.0,1400.0,-0.193623,0.248531,5671.0,10,11,360.0,1451.2099609,188.470993,195.0,11375,0,7.244941546337007,37.416573867739416,2,5272.69414,22400.0,1400.896,11375_11,11375_10,11_10,0.24622591818716627,0.08254196176210132,0
5.1929402,1.04266,60.0,1400.0,-0.385468,0.425148,7126.0,20,11,804.9840088,1571.7800293,52.4314003,628.0,11814,0,7.244941546337007,37.416573867739416,2,7270.116279999999,84000.0,1459.724,11814_11,11814_20,11_20,0.34471972586408767,0.16515666294498468,0
40.6487007,1.2404799,167.0,1400.0,0.409266,0.114497,7862.0,20,1,636.3959961,284.605011,267.1329956,744.0,11864,0,7.244941546337007,37.416573867739416,2,56908.18098,233800.0,1736.67186,11864_1,11864_20,1_20,0.2227562433864272,0.06939258751768224,0
4.06212,1.00394,18.0,1400.0,0.363549,-0.176862,7270.0,30,3,2093.3500977,1846.6500244,20.5559998,160.0,11808,0,7.244941546337007,37.416573867739416,2,5686.968,25200.0,1405.516,11808_3,11808_30,3_30,0.36933190821690765,0.1941209685386797,0
7.72086,1.00674,26.0,1400.0,-0.168748,0.126021,6647.0,20,13,0.0,90.0,262.3670044,144.0,11366,0,7.244941546337007,37.416573867739416,2,10809.204,36400.0,1409.436,11366_13,11366_20,13_20,0.38546965206492684,0.21511740765370002,0
23.0554008,1.1129301,126.0,1400.0,0.596793,-0.262951,7865.0,20,10,5239.3598633,6927.0800781,173.0829926,570.0,11834,0,7.244941546337007,37.416573867739416,2,32277.561120000002,176400.0,1558.10214,11834_10,11834_20,10_20,0.5148816417577913,0.43559620525488396,0
33.6790009,1.23216,140.0,1600.0,0.185568,-0.109202,8063.0,20,11,2030.4899902,603.7379761,80.1852036,497.0,11369,0,7.3783837129967145,40.0,3,53886.401439999994,224000.0,1971.456,11369_11,11369_20,11_20,0.5248689740614737,0.45533051345577785,0
24.0006008,1.08199,94.0,1600.0,-0.238907,-0.0055482,8026.0,20,16,2436.6599121,1731.1800537,238.4859924,541.0,11839,0,7.3783837129967145,40.0,3,38400.96128,150400.0,1731.184,11839_16,11839_20,16_20,0.45079177762946543,0.3160956573507278,0
14.8206997,1.03262,51.0,1400.0,0.167294,-0.0537826,8420.0,20,9,254.5579987,1018.2299805,242.227005,1101.0,11864,0,7.244941546337007,37.416573867739416,2,20748.97958,71400.0,1445.6680000000001,11864_9,11864_20,9_20,0.40564723032843414,0.24362086712025044,0
1.4371901,1.00353,17.0,1400.0,-0.0368462,0.0614103,6039.0,10,9,540.0,3057.3500977,353.6600037,182.0,11808,0,7.244941546337007,37.416573867739416,2,2012.0661400000001,23800.0,1404.942,11808_9,11808_10,9_10,0.28459638091561,0.10896700281700251,0
25.1797009,1.24615,169.0,1400.0,0.118411,-0.0289735,8357.0,20,13,4514.3798828,3882.5400391,150.7160034,886.0,11839,0,7.244941546337007,37.416573867739416,2,35251.58126,236600.0,1744.6100000000001,11839_13,11839_20,13_20,0.5417439266679627,0.4889627970849283,0
5.1106701,1.0044,42.0,1400.0,-0.044677,0.495734,6393.0,10,13,2052.3200684,4677.3999023,253.8110046,306.0,11808,0,7.244941546337007,37.416573867739416,2,7154.93814,58800.0,1406.1599999999999,11808_13,11808_10,13_10,0.5841765426946379,0.5732943720503096,1
7.4084301,1.01092,32.0,1400.0,0.167603,0.106193,6813.0,10,1,0.0,509.1170044,141.0540009,193.0,11605,0,7.244941546337007,37.416573867739416,2,10371.80214,44800.0,1415.288,11605_1,11605_10,1_10,0.47358200625329866,0.3567607504482273,0
20.9934006,1.04,67.0,1600.0,0.216614,0.044665,7771.0,20,3,180.0,702.9219971,37.0766983,460.0,11814,0,7.3783837129967145,40.0,3,33589.44096,107200.0,1664.0,11814_3,11814_20,3_20,0.4521866971966124,0.3185130139824081,0
13.6239996,1.01999,42.0,1400.0,0.0412139,-0.253556,7458.0,20,14,685.4199829,1530.0,245.3390045,440.0,11375,0,7.244941546337007,37.416573867739416,2,19073.599439999998,58800.0,1427.9859999999999,11375_14,11375_20,14_20,0.5242708115943845,0.4541439928229101,0
8.9525404,1.01545,43.0,1600.0,-0.257177,0.234106,7575.0,20,16,201.2460022,5942.7299805,214.2489929,759.0,11839,0,7.3783837129967145,40.0,3,14324.06464,68800.0,1624.72,11839_16,11839_20,16_20,0.26499978784713907,0.09465228253032056,0
39.6683006,1.0512201,73.0,1600.0,1.19134,-0.0245801,7962.0,20,14,2139.2800293,1423.0200195,347.7510071,775.0,11369,0,7.3783837129967145,40.0,3,63469.280960000004,116800.0,1681.9521600000003,11369_14,11369_20,14_20,0.5956079854174026,0.5955016459316466,1
11.7550001,1.01214,54.0,1400.0,0.1174,0.154246,7395.0,20,1,2431.6699219,1465.0899658,93.0529022,414.0,11605,0,7.244941546337007,37.416573867739416,2,16457.00014,75600.0,1416.996,11605_1,11605_20,1_20,0.7768966277785401,0.8626012942191037,1
15.8755999,1.05739,68.0,1400.0,0.800223,-0.120931,8356.0,20,9,2747.5800781,7561.0698242,176.9290009,521.0,11814,0,7.244941546337007,37.416573867739416,2,22225.83986,95200.0,1480.346,11814_9,11814_20,9_20,0.6948058879125825,0.7650088781767467,1
8.2221804,1.01179,34.0,1400.0,-0.0555988,-0.153855,7896.0,10,9,2341.7299805,1210.8299561,57.528801,427.0,11804,0,7.244941546337007,37.416573867739416,2,11511.052559999998,47600.0,1416.5059999999999,11804_9,11804_10,9_10,0.6704672984579163,0.7282240977788049,1
16.7901001,1.04693,66.0,1400.0,0.0235643,0.0112822,7929.0,20,11,5876.9399414,7303.8798828,7.3860402,418.0,11605,0,7.244941546337007,37.416573867739416,2,23506.14014,92400.0,1465.7019999999998,11605_11,11605_20,11_20,0.9959952167371314,0.9731390739019449,1
13.1246004,1.0273,43.0,1400.0,0.0314623,0.215693,7381.0,30,1,0.0,1018.2299805,69.8423996,174.0,11814,0,7.244941546337007,37.416573867739416,2,18374.44056,60200.0,1438.2200000000003,11814_1,11814_30,1_30,0.6252870105507673,0.6511705994534872,1
23.3757992,1.08846,85.0,1400.0,0.0641842,-0.0586364,8566.0,20,3,3222.4499512,1890.0,24.0184002,507.0,11369,0,7.244941546337007,37.416573867739416,2,32726.118879999998,119000.0,1523.844,11369_3,11369_20,3_20,0.6203555431661624,0.642156647945211,1
12.0663996,1.0121599,35.0,1400.0,0.0560829,-0.103584,6162.0,30,1,1553.6400146,1476.1099854,227.6260071,255.0,11627,0,7.244941546337007,37.416573867739416,2,16892.959440000002,49000.0,1417.0238599999998,11627_1,11627_30,1_30,0.7703286809661939,0.8562543497769036,1
13.7110996,1.09188,93.0,1400.0,0.135024,-0.0737711,7708.0,20,13,1337.9499512,3690.0,213.4190063,997.0,11839,0,7.244941546337007,37.416573867739416,2,19195.53944,130200.0,1528.6319999999998,11839_13,11839_20,13_20,0.4834088122948654,0.3749973572119127,0
7.8464098,1.05748,71.0,1400.0,-0.296725,0.526173,8522.0,20,13,509.1170044,5551.6201172,30.1735001,875.0,11804,0,7.244941546337007,37.416573867739416,2,10984.97372,99400.0,1480.472,11804_13,11804_20,13_20,0.1641331258702527,0.04457247514249652,0
27.9195995,1.1150399,125.0,1400.0,0.286939,0.348349,8615.0,20,14,720.0,1224.1300049,177.003006,422.0,11839,0,7.244941546337007,37.416573867739416,2,39087.4393,175000.0,1561.05586,11839_14,11839_20,14_20,0.28509592258037136,0.10935562637170927,0
7.9960399,1.01726,52.0,1400.0,-0.609069,0.275239,7705.0,10,1,254.5579987,509.1170044,84.9078979,183.0,11605,0,7.244941546337007,37.416573867739416,2,11194.45586,72800.0,1424.164,11605_1,11605_10,1_10,0.2727706323927207,0.10011546066314136,0
1.57109,1.00047,6.0,1400.0,0.0070471,0.0193291,5671.0,10,11,0.0,576.2810059,45.0,183.0,11605,0,7.244941546337007,37.416573867739416,2,2199.5260000000003,8400.0,1400.658,11605_11,11605_10,11_10,0.3675451766765655,0.19189463845337615,0
15.1970997,1.04164,73.0,1600.0,-0.405861,0.478447,6796.0,20,3,2160.0,3018.6899414,213.7709961,389.0,11804,0,7.3783837129967145,40.0,3,24315.35952,116800.0,1666.6239999999998,11804_3,11804_20,3_20,0.6335943181032248,0.6661108723118649,1
13.1518002,1.01784,49.0,1400.0,0.200139,-0.168323,7818.0,20,5,4230.9599609,2970.0,41.1539993,354.0,11814,0,7.244941546337007,37.416573867739416,2,18412.52028,68600.0,1424.976,11814_5,11814_20,5_20,1.0,0.9739639608394075,1
20.7464008,1.09334,83.0,1400.0,0.167966,0.0082992,8293.0,20,1,1731.1800537,1571.7800293,84.1225967,345.0,11834,0,7.244941546337007,37.416573867739416,2,29044.96112,116200.0,1530.676,11834_1,11834_20,1_20,0.7170140651888448,0.7954352867160495,1
3.7411699,1.01208,34.0,1400.0,0.035618,0.0601821,8240.0,20,13,381.8380127,1263.2099609,53.6156006,498.0,11389,0,7.244941546337007,37.416573867739416,2,5237.63786,47600.0,1416.912,11389_13,11389_20,13_20,0.532150592497405,0.46981110026435297,0
1.9595799,1.0007401,11.0,1400.0,0.0003685,-0.0487598,7616.0,10,16,1173.4599609,2235.5500488,111.3710022,571.0,11369,0,7.244941546337007,37.416573867739416,2,2743.41186,15400.0,1401.03614,11369_16,11369_10,16_10,0.29199054571279426,0.11484462849387954,0
17.5993996,1.10058,87.0,1600.0,-0.212152,0.168592,7033.0,20,1,2052.3200684,1926.0799561,332.9869995,797.0,11839,0,7.3783837129967145,40.0,3,28159.039360000002,139200.0,1760.9279999999999,11839_1,11839_20,1_20,0.4629428280625736,0.3374754663922819,0
10.1912003,1.06677,73.0,1400.0,1.06794,-0.0742937,8100.0,20,10,1681.3399658,1310.4200439,155.4100037,576.0,11839,0,7.244941546337007,37.416573867739416,2,14267.68042,102200.0,1493.478,11839_10,11839_20,10_20,0.5774814612105966,0.5601434576468022,1
17.4120007,1.02653,59.0,1400.0,0.275855,-0.178582,4886.0,20,1,360.0,939.6279907,247.3999939,252.0,11605,0,7.244941546337007,37.416573867739416,2,24376.80098,82600.0,1437.1419999999998,11605_1,11605_20,1_20,0.5981124524485115,0.6003184649157397,1
3.3896101,1.01941,50.0,1600.0,0.517241,-0.354786,8328.0,20,11,2741.6799316,3295.7700195,280.7839966,756.0,11839,0,7.3783837129967145,40.0,3,5423.37616,80000.0,1631.0559999999998,11839_11,11839_20,11_20,0.38111881157236294,0.20929885713178226,0
15.5044003,1.0473,72.0,1400.0,0.0738468,0.0615648,7939.0,20,13,2846.0500488,2118.3500977,124.0070038,837.0,11369,0,7.244941546337007,37.416573867739416,2,21706.16042,100800.0,1466.2199999999998,11369_13,11369_20,13_20,0.7071380935332988,0.7822790549160716,1
11.0943003,1.02672,45.0,1200.0,0.123141,0.0371669,8048.0,10,1,547.4489746,774.2089844,113.3050003,238.0,11814,0,7.0909098220799835,34.64101615137755,1,13313.16036,54000.0,1232.064,11814_1,11814_10,1_10,0.601384373606541,0.6065820786217058,1
21.5564003,1.05555,86.0,1400.0,-0.0223468,0.211012,8270.0,10,12,371.07901,4500.0,258.0599976,682.0,11604,0,7.244941546337007,37.416573867739416,2,30178.96042,120400.0,1477.77,11604_12,11604_10,12_10,0.46756813527024504,0.3457977889015536,0
19.8255005,1.04166,58.0,1400.0,-0.397631,0.216472,8601.0,20,13,4066.9599609,2448.2600098,283.5559998,774.0,11369,0,7.244941546337007,37.416573867739416,2,27755.7007,81200.0,1458.324,11369_13,11369_20,13_20,0.6612509496956945,0.7133888449170722,1
15.7547998,1.02818,52.0,1600.0,-0.026783,0.0346273,7839.0,10,7,5355.5698242,90.0,45.3978996,238.0,11605,0,7.3783837129967145,40.0,3,25207.67968,83200.0,1645.0880000000002,11605_7,11605_10,7_10,0.8513765000631561,0.9193022750698262,1
8.1938105,1.00407,21.0,1600.0,-0.0319334,-0.0933437,7452.0,20,16,1026.1600342,4418.2597656,210.0180054,682.0,11839,0,7.3783837129967145,40.0,3,13110.0968,33600.0,1606.512,11839_16,11839_20,16_20,0.31416664735759625,0.13414754770496679,0
2.62585,1.0009,15.0,1400.0,0.0397361,0.027454,6666.0,10,3,3396.2299805,0.0,334.9830017,172.0,11814,0,7.244941546337007,37.416573867739416,2,3676.1899999999996,21000.0,1401.2599999999998,11814_3,11814_10,3_10,0.45334526253464635,0.3205282378643441,0
22.4216003,1.09797,100.0,1600.0,-0.229975,-0.131719,7217.0,20,3,3036.0800781,284.605011,127.9089966,508.0,11814,0,7.3783837129967145,40.0,3,35874.56048,160000.0,1756.7519999999997,11814_3,11814_20,3_20,0.43345766328831753,0.28690856175611645,0
17.0685005,1.02943,64.0,1400.0,-0.0221077,-0.525672,8012.0,20,1,3300.6799316,3529.5600586,280.3970032,516.0,11839,0,7.244941546337007,37.416573867739416,2,23895.9007,89600.0,1441.202,11839_1,11839_20,1_20,0.58557778570808,0.5760343575934327,1
2.2042601,1.001,11.0,1400.0,0.0338506,-0.0029956,5844.0,80,1,0.0,90.0,120.2559967,257.0,11814,0,7.244941546337007,37.416573867739416,2,3085.96414,15400.0,1401.3999999999999,11814_1,11814_80,1_80,0.4170122822314685,0.26076251503664805,0
3.14183,1.00091,14.0,1600.0,0.10078,-0.230835,7694.0,80,2,7616.5698242,1250.3199463,42.9546013,377.0,11375,0,7.3783837129967145,40.0,3,5026.928,22400.0,1601.456,11375_2,11375_80,2_80,0.658989590380539,0.7096756575401738,1
3.4172399,1.0091,31.0,1400.0,0.0773346,-0.352537,8281.0,20,13,1698.1199951,1272.7900391,356.0090027,350.0,11375,0,7.244941546337007,37.416573867739416,2,4784.13586,43400.0,1412.7400000000002,11375_13,11375_20,13_20,0.5341536689456047,0.47380449522775364,0
23.9489994,1.12603,121.0,1400.0,0.174547,-0.157068,8597.0,10,13,1530.0,1923.9799805,213.2940063,664.0,11839,0,7.244941546337007,37.416573867739416,2,33528.599160000005,169400.0,1576.442,11839_13,11839_10,13_10,0.4909029764805556,0.3891507060657119,0
12.3245001,1.00866,38.0,1400.0,-0.0619641,0.134549,7577.0,20,13,1497.9000244,4072.9399414,354.5419922,592.0,11804,0,7.244941546337007,37.416573867739416,2,17254.30014,53200.0,1412.1239999999998,11804_13,11804_20,13_20,0.7200746255480284,0.7993905443228261,1
32.8479996,1.07744,108.0,1800.0,-0.536711,0.752905,8676.0,20,2,4913.0400391,1698.1199951,39.4277992,643.0,11814,0,7.496097345175956,42.42640687119285,4,59126.399280000005,194400.0,1939.3919999999998,11814_2,11814_20,2_20,0.47814686498044645,0.36518431963512304,0
12.0560999,1.02858,66.0,1400.0,-0.03767,-0.602645,8201.0,20,13,2938.4699707,1440.0,172.9210052,784.0,11369,0,7.244941546337007,37.416573867739416,2,16878.53986,92400.0,1440.0120000000002,11369_13,11369_20,13_20,0.5038393373676392,0.41401482722318017,0
14.3326998,1.0549099,67.0,1400.0,0.269819,-0.0986428,7319.0,10,1,0.0,201.2460022,123.9489975,130.0,11605,0,7.244941546337007,37.416573867739416,2,20065.77972,93800.0,1476.87386,11605_1,11605_10,1_10,0.6337603910769676,0.6664062936428132,1
18.6634007,1.09262,91.0,1400.0,0.0045152,0.0782076,8559.0,20,1,254.5579987,2206.3798828,81.271698,697.0,11839,0,7.244941546337007,37.416573867739416,2,26128.76098,127400.0,1529.668,11839_1,11839_20,1_20,0.4619829104740897,0.33576062373147153,0
8.8421698,1.0121599,38.0,1400.0,-0.0885488,0.0342718,8169.0,20,13,4398.9702148,5672.8598633,76.0875015,985.0,11839,0,7.244941546337007,37.416573867739416,2,12379.03772,53200.0,1417.0238599999998,11839_13,11839_20,13_20,0.6800207227361481,0.7430837085875465,1
11.0282001,1.0259399,48.0,1600.0,0.131943,-0.0522884,7841.0,10,7,7089.4599609,1224.1300049,104.8259964,218.0,11605,0,7.3783837129967145,40.0,3,17645.12016,76800.0,1641.50384,11605_7,11605_10,7_10,0.8143181955861849,0.8943946574429986,1
42.8576012,1.16757,117.0,1400.0,0.713551,-0.465527,8647.0,20,16,2880.0,1138.4200439,323.0100098,750.0,11839,0,7.244941546337007,37.416573867739416,2,60000.64167999999,163800.0,1634.598,11839_16,11839_20,16_20,0.27679591517951535,0.10305422741393197,0
30.6555004,1.14893,124.0,1800.0,-0.240742,0.655849,7794.0,20,2,3226.2199707,1026.1600342,266.3819885,908.0,11369,0,7.496097345175956,42.42640687119285,4,55179.900720000005,223200.0,2068.074,11369_2,11369_20,2_20,0.07105885701559574,0.02167597251469842,0
5.7589102,1.00648,28.0,1400.0,0.182903,0.0232363,6022.0,10,7,180.0,484.6650085,69.0755005,108.0,11808,0,7.244941546337007,37.416573867739416,2,8062.474279999999,39200.0,1409.0720000000001,11808_7,11808_10,7_10,0.29412114392831495,0.11658872958649694,0
23.0529995,1.08167,85.0,1600.0,0.0059292,-0.0800452,7050.0,20,7,7009.6098633,2991.7399902,36.7952995,324.0,11375,0,7.3783837129967145,40.0,3,36884.799199999994,136000.0,1730.6719999999998,11375_7,11375_20,7_20,0.9017709831712593,0.9445936416491678,1
31.1653004,1.22742,158.0,1400.0,-0.0365372,0.233668,7708.0,20,13,969.3300171,4236.7001953,56.9650993,1084.0,11864,0,7.244941546337007,37.416573867739416,2,43631.42056,221200.0,1718.388,11864_13,11864_20,13_20,0.13506445471025405,0.03565389851902839,0
41.2378998,1.1873,154.0,1800.0,0.984628,-0.722578,8605.0,20,2,5509.8798828,3672.3999023,104.3659973,882.0,11369,0,7.496097345175956,42.42640687119285,4,74228.21964,277200.0,2137.14,11369_2,11369_20,2_20,0.28328074663840147,0.10794928768795828,0
34.6976013,1.1368901,117.0,1400.0,-0.0123966,0.282373,7822.0,20,5,3604.5,2991.7399902,235.9279938,448.0,11375,0,7.244941546337007,37.416573867739416,2,48576.641820000004,163800.0,1591.64614,11375_5,11375_20,5_20,0.36505567653375354,0.18882517888062433,0
4.8205299,1.00176,15.0,1400.0,0.269558,0.0239168,7887.0,10,9,180.0,829.7589722,227.6629944,329.0,11366,0,7.244941546337007,37.416573867739416,2,6748.74186,21000.0,1402.464,11366_9,11366_10,9_10,0.42618609988145884,0.27515593034328073,0
23.8537998,1.09575,88.0,1400.0,0.158363,-0.0381501,8567.0,20,16,1793.2399902,1855.4000244,91.9748993,654.0,11839,0,7.244941546337007,37.416573867739416,2,33395.31972,123200.0,1534.05,11839_16,11839_20,16_20,0.6595653628894013,0.7106237796274181,1
18.8188992,1.08943,98.0,1800.0,0.0926605,-0.214391,8424.0,10,11,2684.9599609,3781.0700684,205.522995,670.0,11839,0,7.496097345175956,42.42640687119285,4,33874.018560000004,176400.0,1960.9739999999997,11839_11,11839_10,11_10,0.5481213342324489,0.5017158122205273,1
12.8695002,1.07137,90.0,1200.0,-0.275049,0.621541,8326.0,20,11,2101.0700684,1537.9200439,345.9639893,464.0,11814,0,7.0909098220799835,34.64101615137755,1,15443.400239999999,108000.0,1285.644,11814_11,11814_20,11_20,0.44350041476215174,0.3036230634700361,0
31.9183998,1.20719,128.0,1400.0,-0.470211,0.0333531,8369.0,20,13,201.2460022,1083.7399902,170.1399994,583.0,11839,0,7.244941546337007,37.416573867739416,2,44685.75972,179200.0,1690.066,11839_13,11839_20,13_20,0.16063900467539913,0.043397115923904744,0
23.0629997,1.09482,105.0,1400.0,0.155759,-0.0653176,8244.0,20,2,2610.0,2826.0600586,321.3399963,581.0,11369,0,7.244941546337007,37.416573867739416,2,32288.199579999997,147000.0,1532.7479999999998,11369_2,11369_20,2_20,0.5648059343940037,0.5350275481935219,1
30.0562,1.2118599,137.0,1400.0,0.312182,-0.154536,7666.0,20,1,1835.6500244,1768.2199707,152.9440002,442.0,11804,0,7.244941546337007,37.416573867739416,2,42078.68,191800.0,1696.6038600000002,11804_1,11804_20,1_20,0.3629044874709858,0.18620329919319767,0
25.0489006,1.12948,110.0,1600.0,-0.273768,-0.0526913,7962.0,10,14,2672.8601074,2101.0700684,343.8210144,883.0,11839,0,7.3783837129967145,40.0,3,40078.24096,176000.0,1807.1680000000001,11839_14,11839_10,14_10,0.2546337025546823,0.08778077890502185,0
12.3168001,1.04023,64.0,1600.0,-0.0035332,-0.0035332,7756.0,10,11,2430.0,2178.6699219,140.147995,466.0,11834,0,7.3783837129967145,40.0,3,19706.88016,102400.0,1664.368,11834_11,11834_10,11_10,0.6367133001578915,0.6716371523883188,1
15.9336996,1.01958,50.0,1400.0,-0.0720055,-0.121134,8515.0,20,13,3896.0700684,3096.8400879,178.3320007,1184.0,11366,0,7.244941546337007,37.416573867739416,2,22307.17944,70000.0,1427.4119999999998,11366_13,11366_20,13_20,0.6241997369510175,0.6491922391563513,1
20.1501999,1.0788,101.0,1600.0,0.0428104,0.0550924,8251.0,20,1,450.0,3360.2700195,325.769989,533.0,11839,0,7.3783837129967145,40.0,3,32240.31984,161600.0,1726.08,11839_1,11839_20,1_20,0.4337638253911452,0.2874099298125119,0
10.2560997,1.0204901,39.0,1400.0,0.0830599,-0.187145,7563.0,30,14,524.7860107,636.3959961,115.3880005,367.0,11605,0,7.244941546337007,37.416573867739416,2,14358.53958,54600.0,1428.68614,11605_14,11605_30,14_30,0.6612010964215728,0.713307291899922,1
9.3464699,1.08964,78.0,1400.0,-0.40953,0.364239,7325.0,20,14,324.5,2471.3200684,36.0983009,539.0,11375,0,7.244941546337007,37.416573867739416,2,13085.05786,109200.0,1525.4959999999999,11375_14,11375_20,14_20,0.36334595347215415,0.1867390608952859,0
6.5595598,1.00726,26.0,1400.0,-0.11257,-0.0757235,8096.0,10,1,3852.1699219,2071.9599609,269.3099976,402.0,11814,0,7.244941546337007,37.416573867739416,2,9183.38372,36400.0,1410.164,11814_1,11814_10,1_10,0.523383576455607,0.45238502767444594,0
7.1059499,1.01027,32.0,1400.0,0.212298,0.0157855,7960.0,20,1,2176.8100586,3457.6899414,104.8079987,489.0,11839,0,7.244941546337007,37.416573867739416,2,9948.32986,44800.0,1414.378,11839_1,11839_20,1_20,0.5945820967318596,0.5935231824313782,1
28.2751007,1.21407,119.0,1400.0,0.0246857,-0.159545,7866.0,20,9,2235.5500488,2559.8601074,186.2100067,526.0,11814,0,7.244941546337007,37.416573867739416,2,39585.14098,166600.0,1699.6979999999999,11814_9,11814_20,9_20,0.48913139042386333,0.3857870225564487,0
9.5978098,1.01693,50.0,1400.0,-0.0170802,-0.0416444,8511.0,20,1,1440.0,1879.2600098,71.8619003,770.0,11839,0,7.244941546337007,37.416573867739416,2,13436.93372,70000.0,1423.7019999999998,11839_1,11839_20,1_20,0.5780436367910172,0.5612512391254747,1
25.4803009,1.11967,113.0,1400.0,0.142482,-0.754108,8509.0,20,16,1183.7700195,3392.6499023,359.6669922,1002.0,11839,0,7.244941546337007,37.416573867739416,2,35672.42126,158200.0,1567.538,11839_16,11839_20,16_20,0.15199000877200472,0.040613740259239126,0
11.0569,1.02274,57.0,1400.0,0.326372,-0.250885,8583.0,20,16,939.6279907,2305.1201172,70.5373993,1016.0,11839,0,7.244941546337007,37.416573867739416,2,15479.660000000002,79800.0,1431.836,11839_16,11839_20,16_20,0.18217237548734186,0.051138345333873576,0
5.4561,1.0161,41.0,1400.0,-0.140896,0.141591,7033.0,20,13,1224.1300049,180.0,109.4860001,220.0,11804,0,7.244941546337007,37.416573867739416,2,7638.54,57400.0,1422.54,11804_13,11804_20,13_20,0.44354012575060614,0.3036902383521081,0
16.4909,1.03969,65.0,1600.0,-0.0081619,0.102377,7807.0,20,11,900.0,900.0,328.3919983,474.0,11834,0,7.3783837129967145,40.0,3,26385.44,104000.0,1663.504,11834_11,11834_20,11_20,0.5718657216609387,0.5490463682423153,1
26.3621006,1.14096,102.0,1600.0,0.172896,-0.244694,8300.0,20,11,1405.8399658,1681.3399658,356.3139954,493.0,11834,0,7.3783837129967145,40.0,3,42179.360960000005,163200.0,1825.536,11834_11,11834_20,11_20,0.4674478457628774,0.3455801244641431,0
8.83181,1.01736,51.0,1600.0,0.0305978,-0.399274,7676.0,10,16,1907.0699463,1793.2399902,121.1389999,461.0,11369,0,7.3783837129967145,40.0,3,14130.896,81600.0,1627.776,11369_16,11369_10,16_10,0.5734780347161929,0.5522379031116608,1
29.2457008,1.18294,143.0,1400.0,-0.0939326,-0.0816505,8490.0,20,3,2022.5,2040.4399414,237.529007,710.0,11369,0,7.244941546337007,37.416573867739416,2,40943.981120000004,200200.0,1656.1160000000002,11369_3,11369_20,3_20,0.4399288227682909,0.297615870849073,0
20.0673008,1.08112,78.0,1400.0,0.0520409,-0.0462156,7777.0,20,1,2054.2900391,5040.0,157.7140045,574.0,11839,0,7.244941546337007,37.416573867739416,2,28094.221120000002,109200.0,1513.5680000000002,11839_1,11839_20,1_20,0.7103599867574826,0.7866370905936442,1
17.0354004,1.02474,49.0,2000.0,-0.190012,-0.0549095,8385.0,20,2,10946.7998047,4065.9699707,177.6679993,1545.0,11869,0,7.601402334583733,44.721359549995796,5,34070.8008,98000.0,2049.48,11869_2,11869_20,2_20,0.6248525272289683,0.6503806509428571,1
10.3934002,1.00107,12.0,1400.0,0.30471,0.0099403,7921.0,10,5,180.0,2160.0,21.7210999,437.0,11367,0,7.244941546337007,37.416573867739416,2,14550.76028,16800.0,1401.4979999999998,11367_5,11367_10,5_10,0.2755428107170832,0.10213127167550934,0
19.4524994,1.02077,56.0,1800.0,-0.472422,0.289066,8277.0,20,2,8209.7597656,4379.5898438,94.9503021,1089.0,11369,0,7.496097345175956,42.42640687119285,4,35014.49892,100800.0,1837.386,11369_2,11369_20,2_20,0.4383972808781361,0.295061001790809,0
12.0541,1.02873,47.0,1400.0,-0.0151494,-0.0397135,8567.0,20,12,2022.5,2071.9599609,348.3980103,980.0,11839,0,7.244941546337007,37.416573867739416,2,16875.74,65800.0,1440.222,11839_12,11839_20,12_20,0.49963885765256333,0.40588656700543474,0
31.7773991,1.21775,153.0,1400.0,0.0516175,0.0147714,8684.0,20,2,3003.8999023,1793.2399902,29.0296993,911.0,11369,0,7.244941546337007,37.416573867739416,2,44488.35874,214200.0,1704.8500000000001,11369_2,11369_20,2_20,0.33021172345191285,0.14976904581250408,0
34.4247017,1.20722,139.0,1400.0,-0.144837,-0.169401,7390.0,10,2,2340.0,1260.0,17.0431004,439.0,11366,0,7.244941546337007,37.416573867739416,2,48194.58238,194600.0,1690.108,11366_2,11366_10,2_10,0.43535673983791257,0.2900268846309734,0
11.3453999,1.02749,42.0,1400.0,0.382551,-0.0596029,6944.0,10,9,0.0,270.0,189.1369934,80.0,11808,0,7.244941546337007,37.416573867739416,2,15883.559860000001,58800.0,1438.486,11808_9,11808_10,9_10,0.4448119319529927,0.30584603995525034,0
20.2439003,1.0822001,90.0,1400.0,0.0756617,-0.219108,8227.0,10,9,1465.0899658,1947.0,143.8619995,400.0,11605,0,7.244941546337007,37.416573867739416,2,28341.46042,126000.0,1515.0801400000003,11605_9,11605_10,9_10,0.6313790232207902,0.6621577584313186,1
25.9899998,1.09944,103.0,1400.0,-0.141327,-0.27643,8554.0,20,9,1622.5,1768.2199707,16.1690006,789.0,11369,0,7.244941546337007,37.416573867739416,2,36385.99972,144200.0,1539.216,11369_9,11369_20,9_20,0.3591932677717368,0.18174621386176662,0
12.6464005,1.0011899,40.0,1400.0,0.165158,-0.141894,6600.0,20,1,0.0,1113.2399902,253.1309967,341.0,11814,0,7.244941546337007,37.416573867739416,2,17704.9607,56000.0,1401.66586,11814_1,11814_20,1_20,0.707229853816076,0.7824040568236417,1
17.1438999,1.09829,97.0,1400.0,0.334701,-0.353094,8270.0,30,3,2818.8798828,3781.0700684,130.6289978,530.0,11375,0,7.244941546337007,37.416573867739416,2,24001.459860000003,135800.0,1537.606,11375_3,11375_30,3_30,0.42223944071686353,0.2689036986583196,0
4.8617702,1.03714,67.0,1400.0,0.271222,-0.563958,7778.0,30,10,4878.2998047,3241.25,30.3236008,538.0,11814,0,7.244941546337007,37.416573867739416,2,6806.478279999999,93800.0,1451.9959999999999,11814_10,11814_30,10_30,0.7297463356227339,0.8115117639903561,1
8.0731697,1.04353,74.0,1400.0,0.0093091,-0.150358,7852.0,20,2,5740.9799805,3882.5400391,77.592598,370.0,11814,0,7.244941546337007,37.416573867739416,2,11302.43758,103600.0,1460.942,11814_2,11814_20,2_20,0.9987240802532258,0.9737038649187473,1
36.8751984,1.27212,147.0,1400.0,-0.0659825,0.0568381,8195.0,20,13,1973.8499756,1210.8299561,340.3599854,854.0,11839,0,7.244941546337007,37.416573867739416,2,51625.277760000004,205800.0,1780.9679999999998,11839_13,11839_20,13_20,0.3661338585761714,0.19014988936082286,0
0.70989,1.00105,15.0,1800.0,-0.0368462,0.0,8506.0,20,2,9235.4199219,5794.3500977,116.5650024,1086.0,11869,0,7.496097345175956,42.42640687119285,4,1277.8020000000001,27000.0,1801.89,11869_2,11869_20,2_20,0.388016424420596,0.21857738578221178,0
19.9223995,1.03378,50.0,1400.0,-0.439543,0.407919,7460.0,20,3,90.0,324.5,98.1300964,635.0,11375,0,7.244941546337007,37.416573867739416,2,27891.3593,70000.0,1447.292,11375_3,11375_20,3_20,0.33706400539727516,0.15688433315420652,0
46.4068985,1.5489399,196.0,1800.0,0.0839677,0.0594036,8319.0,20,2,5675.7099609,1846.6500244,271.3599854,767.0,11366,0,7.496097345175956,42.42640687119285,4,83532.4173,352800.0,2788.0918199999996,11366_2,11366_20,2_20,0.5348848349538854,0.47526303273665504,0
29.8428993,1.2073801,158.0,1400.0,0.175985,-0.352144,8293.0,20,13,2305.1201172,2885.6201172,145.427002,756.0,11369,0,7.244941546337007,37.416573867739416,2,41780.05902,221200.0,1690.33214,11369_13,11369_20,13_20,0.36898165155991697,0.1936829965483615,0
20.6702995,1.60157,235.0,1400.0,0.806955,-0.322995,8309.0,30,10,4129.2299805,5582.8999023,185.6900024,470.0,11839,0,7.244941546337007,37.416573867739416,2,28938.419299999998,329000.0,2242.198,11839_10,11839_30,10_30,0.5434441481967505,0.49236204108277387,0
19.6243992,1.09946,89.0,1400.0,-0.196992,-0.147864,8367.0,20,11,2578.7800293,4054.0,12.7944002,469.0,11808,0,7.244941546337007,37.416573867739416,2,27474.15888,124600.0,1539.2440000000001,11808_11,11808_20,11_20,0.595370674467597,0.5950442565190969,1
4.1034999,1.0005,22.0,1400.0,0.0702174,-0.187706,7999.0,20,1,969.3300171,1173.4599609,190.0079956,485.0,11834,0,7.244941546337007,37.416573867739416,2,5744.89986,30800.0,1400.6999999999998,11834_1,11834_20,1_20,0.2760131632494535,0.10247684102775742,0
28.3675995,1.23011,123.0,1800.0,-0.670398,0.287603,7514.0,20,3,1571.7800293,2341.7299805,22.1562996,991.0,11369,0,7.496097345175956,42.42640687119285,4,51061.6791,221400.0,2214.198,11369_3,11369_20,3_20,0.0,0.01239355874431387,0
26.4573002,1.31371,188.0,1400.0,-0.55287,0.0857973,7899.0,20,13,3969.1899414,2124.0800781,331.9370117,1107.0,11366,0,7.244941546337007,37.416573867739416,2,37040.22028,263200.0,1839.194,11366_13,11366_20,13_20,0.4222513460157058,0.26892242320057463,0
23.9284992,1.11584,110.0,1400.0,-0.068274,0.0422646,6533.0,20,14,900.0,4218.5,311.2030029,311.0,11375,0,7.244941546337007,37.416573867739416,2,33499.89888,154000.0,1562.176,11375_14,11375_20,14_20,0.5234570711916691,0.45253068821057574,0
8.0693703,1.03025,48.0,1400.0,-0.022489,-0.0716173,7296.0,10,2,4807.2099609,2995.8000488,213.8450012,413.0,11834,0,7.244941546337007,37.416573867739416,2,11297.118419999999,67200.0,1442.3500000000001,11834_2,11834_10,2_10,0.8397202412314513,0.9121083940788506,1
38.0164986,1.30165,183.0,1600.0,0.0184231,0.0921155,8379.0,20,3,5526.0297852,201.2460022,225.7180023,625.0,11366,0,7.3783837129967145,40.0,3,60826.39776,292800.0,2082.64,11366_3,11366_20,3_20,0.6524055629443422,0.6987046495071876,1
26.0862007,1.14018,122.0,1400.0,0.0651685,-0.192755,6939.0,20,1,3784.2800293,484.6650085,53.7462006,407.0,11814,0,7.244941546337007,37.416573867739416,2,36520.68098,170800.0,1596.252,11814_1,11814_20,1_20,0.5915346615265672,0.5876284008329574,1
20.2794991,1.09255,81.0,1400.0,-0.0527637,-0.0773279,6722.0,20,14,360.0,1938.6600342,348.1000061,244.0,11605,0,7.244941546337007,37.416573867739416,2,28391.29874,113400.0,1529.57,11605_14,11605_20,14_20,0.5766939594061467,0.5585906594471945,1
37.0091019,1.30722,165.0,1600.0,0.45843,-0.475006,8355.0,20,2,6341.0097656,6823.9902344,66.4972,877.0,11839,0,7.3783837129967145,40.0,3,59214.56303999999,264000.0,2091.552,11839_2,11839_20,2_20,0.3070538749741948,0.12767474273902904,0
16.8687,1.03813,66.0,1400.0,0.1895,0.177218,8330.0,20,3,4306.8500977,4306.8500977,77.8686981,538.0,11605,0,7.244941546337007,37.416573867739416,2,23616.18,92400.0,1453.382,11605_3,11605_20,3_20,0.9056176249273429,0.9461823384001598,1
17.2395992,1.00598,43.0,1400.0,-0.001317,0.28117,8196.0,10,16,2616.1999512,3758.5100098,270.0,851.0,11369,0,7.244941546337007,37.416573867739416,2,24135.43888,60200.0,1408.372,11369_16,11369_10,16_10,0.36505720044705287,0.18882704623292138,0
